case	rnaseq_fid	mirna_count	mirna_fname	mirna_fid
TCGA-80-5608	001c6345-176c-4ab3-a0c8-27384879a8ff	1	88400fe3-74c6-48aa-b017-c0c00e7fe223.mirbase21.mirnas.quantification.txt	c091d6db-0120-4df3-bc7b-fda4d7fbb7a8
TCGA-64-1679	00853151-d266-42a3-8690-5b9751dd9647	1	a816b8cd-16f0-4a18-8896-013c3e65b2a6.mirbase21.mirnas.quantification.txt	dcfc9943-184c-48d7-aaed-ff6cf1e95790
TCGA-44-6145	00e3c529-4162-4d0e-9d97-ec806a40e345	1	a99e2b03-b582-4d14-a4d8-5d152774eb15.mirbase21.mirnas.quantification.txt	f5061378-535c-4a65-bf58-0faf7b28e450
TCGA-44-2656	00f5e705-ae00-440e-8e18-9c15726d48c6	1	91770d37-3335-4c4d-a16c-950c12bc18d2.mirbase21.mirnas.quantification.txt	55c2f0c9-747b-4b1a-a84f-221f84898531
TCGA-73-4662	024d37ff-309d-470c-8fff-72f94bf4b41e	1	27c3394e-528b-4ad7-8da6-8ccb90af8884.mirbase21.mirnas.quantification.txt	d9e2333c-140d-4bc4-af0f-e41525a2cb55
TCGA-97-A4LX	02b0093c-2ab3-4213-a5df-ac526ed1d973	1	5b8ea495-5a70-4b40-8062-7cd5d205d926.mirbase21.mirnas.quantification.txt	14d608db-40bc-421f-882e-af805b32a459
TCGA-44-6148	031e2bfe-03f2-4e9b-b586-73746c5e29cf	1	934c2c9a-6a5a-4218-8385-e694528ad058.mirbase21.mirnas.quantification.txt	2c1cfbcb-c947-488e-891c-70559bf628a8
TCGA-49-6767	0330210e-0c1d-4e5d-82c0-732770bfea7b	1	5a9f1911-3ee9-4d07-b05e-84999d9c65a1.mirbase21.mirnas.quantification.txt	7f565bb5-e765-4ad3-9aae-3a2fc613ecbf
TCGA-78-7150	039ccbdc-6daa-4fa3-bf07-2b0f887fee2e	1	03c510e2-4891-484d-ba5b-16a852ae6533.mirbase21.mirnas.quantification.txt	4648a6fb-ce3e-424a-b641-fb1633436858
TCGA-67-3772	04ddcbe3-f123-45ac-a1a9-c8509cf5d3a6	1	67e4fbcc-707c-417d-b673-c1a79ed899ae.mirbase21.mirnas.quantification.txt	78a65bf0-aef1-42de-b382-e68217815b59
TCGA-NJ-A55O	04df4138-7069-4cdc-8152-13741a7fcdd9	1	9fb0324a-992d-4d1e-9f04-76d307ccb754.mirbase21.mirnas.quantification.txt	023b0bf9-3954-439b-8230-689e11ebd39a
TCGA-78-7146	05e18968-65a8-4240-a597-57d03c3ec174	1	e8b1ce08-dd9c-4945-b0e2-d1e0310a12fe.mirbase21.mirnas.quantification.txt	f218c60d-d060-4f5e-90d6-531ba5d5c343
TCGA-05-4426	06c39b40-812d-4a9a-bf39-af4802302cfd	1	ccde232f-1cfd-432c-bc68-d409107110e3.mirbase21.mirnas.quantification.txt	fd8e099f-8b5e-46d6-a109-60dce0331bd9
TCGA-55-6970	088ff77c-c639-444f-a925-0757cb97d189	1	d0f51e84-29be-4527-ad49-11dff47f084a.mirbase21.mirnas.quantification.txt	5db941e1-5e0c-4fec-bd39-1a6b6b3eb2af
TCGA-05-5423	09042885-2cff-44e8-ab6c-80460d2e96c5	1	8a2a1e81-b891-4e87-95e7-41f7609e32d4.mirbase21.mirnas.quantification.txt	c8c0fc7f-67b6-41b6-aeb1-a61eef340677
TCGA-05-5715	0908ba82-9b98-41d7-a512-48420d290f34	1	446a207c-a17c-43bc-aa45-5306f7b86382.mirbase21.mirnas.quantification.txt	892630d6-2173-48ff-b7e9-43ecc278e417
TCGA-95-8494	091e50b5-abac-4a99-8bd3-14001faa4d1a	1	b537111d-ad3e-499c-88a9-48d23841794d.mirbase21.mirnas.quantification.txt	83de3dbb-59bc-4672-9fc6-ca791fa46e17
TCGA-44-2662	092c1a6f-018a-4acf-8a42-2b0b2944d9e8	1	50a432f0-c317-4af8-9a5a-0a89475a2fee.mirbase21.mirnas.quantification.txt	fcd2153a-5ac1-48cc-8910-62d2b8780087
TCGA-55-8514	09d00d8f-ab0a-4736-a0a0-02de6dce2836	1	10b63379-7dfd-4f39-9453-e0e7c4d0ab2a.mirbase21.mirnas.quantification.txt	7f62c30b-0ff1-4b83-81ad-327f7aa8f8d1
TCGA-55-8301	0af1398c-b3ab-44f8-93cd-b66f8c74d232	1	5ec7f862-d34b-46b4-92be-25257558e2cc.mirbase21.mirnas.quantification.txt	676d0441-8fa8-4344-8405-902d92cc0bb6
TCGA-73-4658	0af1b217-6de0-48c6-ba62-6ffacdc07dce	1	ec483366-3d85-46ab-9b4f-5833f934f30d.mirbase21.mirnas.quantification.txt	e2e76633-a61e-4fd9-81b7-429207e2b4fc
TCGA-50-5939	0b3ff64c-21f4-4bb5-8751-e9ae1637c1a4	1	872ff828-53a2-4c1f-8732-4212e710c9ed.mirbase21.mirnas.quantification.txt	955ff656-2309-4d84-9b0d-d1ef0700f127
TCGA-86-7701	0b88d607-858f-4835-82df-5ea31924b34b	1	d9623f8c-6c76-42a1-89c4-f2c320a7c2d7.mirbase21.mirnas.quantification.txt	b3368de5-1193-4375-ba32-6c901bab64f7
TCGA-75-6207	0c7dbc1e-6996-499f-8e9c-fe57afe6fa6f	1	9172fbd9-b1ca-46a6-8abf-950fb981aa32.mirbase21.mirnas.quantification.txt	f3358d61-c517-4e76-a191-1be0279b2363
TCGA-44-6146	0cb63470-8d8a-4ec7-8f38-37538d50b18e	3	be1adfd1-db23-411d-97cf-2f4e03cfac9e.mirbase21.mirnas.quantification.txt	65bcc591-4a45-442c-a2c3-16e0d034a512
TCGA-55-6543	0d9512c6-f3a9-4103-b694-4ace826923ec	1	c7041cfd-eb5b-44c6-831a-74b8be1cdb96.mirbase21.mirnas.quantification.txt	c541cc56-afc9-465f-a9f2-c84a43d2dbeb
TCGA-44-8120	0d998aec-02a2-48c5-9960-101941cccf34	1	537ee797-21dd-470f-a9b9-6a097dc1f319.mirbase21.mirnas.quantification.txt	184d4fe7-0939-42f1-8a06-c78fe6c35ca0
TCGA-MP-A4SY	0e1ed904-8ccd-43a6-9c4f-7fdcd06d1982	1	937cb8a4-7940-4c47-bfaa-115ef4115c87.mirbase21.mirnas.quantification.txt	0f2a9e39-e3f9-4c46-9d32-e59731b99e65
TCGA-55-1596	0efdd168-bc53-456b-99be-0d32d487e63d	1	a39895e0-3329-4255-8667-658fb67770fd.mirbase21.mirnas.quantification.txt	3a83fd90-8a67-41d5-86e8-8e6fb8cfebbb
TCGA-86-8671	0f4b9db7-c993-4114-a6e1-a9cba0f7856e	1	2c05add9-aced-4dc5-a280-6ff2e7f69323.mirbase21.mirnas.quantification.txt	c69e524d-a7a5-495e-992b-000208d34432
TCGA-86-7713	0f7252b5-7fac-4726-9045-cb2b7a7a4010	2	da6f74c6-84e2-4252-b598-c601e881028b.mirbase21.mirnas.quantification.txt	d8a10101-4eac-4b6a-8baa-6aabdf65e986
TCGA-55-8505	0fb60734-2ff0-4974-9c8b-7313c06ceef9	1	cff49249-3902-4863-98b0-89637c627019.mirbase21.mirnas.quantification.txt	93e41d50-f3f9-4db3-9ba5-d15dc437cf30
TCGA-44-7671	1094c6ec-57ea-49da-a77e-f8028b03b4e7	2	496d5850-be63-4ae8-8d5e-083f98d2d19e.mirbase21.mirnas.quantification.txt	1ad0524e-4bb2-4a64-a7b2-9f67bd09301a
TCGA-MP-A4T8	10bec814-a040-4fcb-92ae-0e3f5a5069d7	1	312a21fa-df30-4afd-bb51-f15b9ec42d78.mirbase21.mirnas.quantification.txt	9dd4d47f-bdc9-40bd-8817-3880244f1f40
TCGA-L9-A7SV	10e9d27c-b7e7-4ddb-afaa-972df7f123ef	1	37d2dab8-c309-4b69-91c3-cef436481af7.mirbase21.mirnas.quantification.txt	c01076c2-bc59-4bc2-8188-4a727cf9ecc0
TCGA-75-7025	11d369d8-82ed-4875-ab26-ba5e8bee7769	1	5c7e5ecf-ec23-48d3-8947-70813d859e6e.mirbase21.mirnas.quantification.txt	bf572e51-96c0-4344-85e1-7c2e1f1b0164
TCGA-MP-A4SV	11edb1d1-38e2-40d6-b422-a15ec3315a5c	1	1ca3c30e-7173-416c-be5b-0b1e80e91d37.mirbase21.mirnas.quantification.txt	636c493e-9510-4bcb-9579-bf21a67ac7e9
TCGA-73-4675	11fa2ef9-728c-4e7d-a458-f781648c4064	1	0c662426-b862-48f8-b286-772a4ff629c0.mirbase21.mirnas.quantification.txt	0c52194f-4f82-4a78-94d8-e109a5d69fc4
TCGA-44-5645	1208ffe2-983c-4bb3-90dd-4cc8b9918830	1	23b71f6e-b11f-4536-a550-ea5c81ffe48e.mirbase21.mirnas.quantification.txt	ced191ed-5327-4cfb-aca9-98ae929dabaf
TCGA-38-6178	12299a09-6ad0-41b6-bad1-518cc26d75d5	1	bc2e1793-01a9-49fa-a2be-bee654a53116.mirbase21.mirnas.quantification.txt	fafecc4f-f489-4190-964a-5d5ef4b710a9
TCGA-69-7764	12422e57-110b-4c42-9000-6d163d463c31	1	f219ec1a-e6e8-4c84-8525-e2fcd63b8d24.mirbase21.mirnas.quantification.txt	ed4f8fa0-3ccb-4b33-a5b8-a410d83c171e
TCGA-93-7348	12feadf0-ce03-4d45-8979-39fcb56dcf25	2	63b366ed-7d97-4f5d-8236-ffa23d5b98a8.mirbase21.mirnas.quantification.txt	fee04b41-1e05-4698-99b7-5e2ef9dab63d
TCGA-97-8175	13351082-b874-4dad-bc2d-b686a11218f9	1	e78899ec-b13a-4fa2-a54e-e3c2d7becbe0.mirbase21.mirnas.quantification.txt	6a0af6cd-7175-4a30-9458-a5536c4c457a
TCGA-44-2657	1344f507-e11a-4eab-80f2-82e20a4e8ede	2	888c9616-312f-4792-a4e6-3a759e6b5384.mirbase21.mirnas.quantification.txt	6b728951-a55f-4ea4-9a8a-db624e118b1c
TCGA-62-A471	13c7db10-8088-436b-bc0f-7ba3cd7412cf	1	8af45c56-8b8f-4d18-b2ab-8e595dd94705.mirbase21.mirnas.quantification.txt	111d0141-4cf8-4853-9d6a-229d9e37fa59
TCGA-49-4486	13f0e686-bffc-4172-aefc-ae4ff40c8339	1	a132214f-bc9b-4af3-9c4a-3bda5117d1b8.mirbase21.mirnas.quantification.txt	68ce06ed-a9ac-4d58-926f-69372c34741a
TCGA-44-7662	14bc7421-c96e-4327-afae-ccc80a75f4e7	2	d1aa22dd-ebc7-4181-830d-254885ecfe87.mirbase21.mirnas.quantification.txt	03a93f19-ba03-481e-890a-b4dba8632335
TCGA-80-5607	14d304d1-8542-4af1-99f8-1590e7317a82	1	320f5d62-a2f8-43e7-9e5f-403c14218da0.mirbase21.mirnas.quantification.txt	62f8ef8d-51fd-43aa-a539-c5e167aff3ce
TCGA-50-5930	14f333d4-e0ca-4205-977f-5f878d27a245	2	de70c307-0b20-49f6-8f19-b552e5204a81.mirbase21.mirnas.quantification.txt	a645cb6e-3eba-4d55-aad6-0f97e80d3260
TCGA-55-6975	16717c82-a763-4fa2-8621-3fa445c3e32a	0		
TCGA-55-8094	16b06f07-ed36-4dd4-8be7-6cd7a0127564	1	455f9de1-14cb-4b85-9366-000595d65ea9.mirbase21.mirnas.quantification.txt	efc11c96-64f1-4d60-bd16-2af72d592d1e
TCGA-49-AAR4	171a5026-75e9-48fe-80b2-5bd20c7c6a16	1	7653db89-aaf3-4197-aa50-a9e48ae8fcde.mirbase21.mirnas.quantification.txt	3db134ea-4608-401a-8ef3-b2c43a6204b6
TCGA-69-7765	18a1a204-daf7-4537-9823-4c00d5a48346	1	98d69e90-3bc6-47d0-be09-6d7d8bb173b4.mirbase21.mirnas.quantification.txt	82dd4bbc-5dd3-4fb5-bf79-aae968fe2ef5
TCGA-53-7624	193ddc3f-b7fc-4f3a-a4e8-7e7e74734b7d	1	8b2b97db-bda4-4598-92f5-443e45da2bc8.mirbase21.mirnas.quantification.txt	fb792c25-1c8e-44ce-bf25-86f54d65b0b7
TCGA-J2-A4AE	19683bd2-b6ae-4802-a847-0d70122337f8	1	7d9576bb-a58d-4db8-a7af-251c96c832da.mirbase21.mirnas.quantification.txt	eff96e8d-8242-4997-acb2-3b376d6a5149
TCGA-38-4629	19b539cb-5a31-482f-a99f-2cbd2eaf42bb	1	3b2f8ee9-ec7f-4010-bb37-a66b633b2aec.mirbase21.mirnas.quantification.txt	54c1cf40-c66e-4a2f-b5ed-f77549f62cc9
TCGA-91-8499	19c12738-c5ee-4340-ab01-5adefc8beb3c	1	7b4ed1f8-f1ef-4b9b-a5ae-f92830baab27.mirbase21.mirnas.quantification.txt	bf5c8435-3847-4802-b786-1436882aafe0
TCGA-95-7039	1a3d9274-9e3f-4b65-bbe7-663dcfe94f6a	1	a2e9dd29-2f5f-49a7-9cdc-2a66eb998ee7.mirbase21.mirnas.quantification.txt	8e035cdc-1d68-484a-b4b7-a1c6c44a104b
TCGA-62-A470	1b075241-7ad5-4d06-8387-bfad35f9ab02	1	2c4515da-34ae-4a94-b511-de6c8aa2b075.mirbase21.mirnas.quantification.txt	c1345d85-66bb-4fbb-b60b-88ab355370c6
TCGA-86-A4P8	1bd0b53b-d5af-43d7-a638-891102590c46	1	b42d338c-504e-423a-9919-f21fab4eeb3d.mirbase21.mirnas.quantification.txt	36683fde-89eb-47b1-a4b1-9ce42dd3bc5e
TCGA-35-4123	1cb37883-d1f7-4b3e-94bb-9970325dec95	1	04ddc014-525c-4e43-8897-418011edb859.mirbase21.mirnas.quantification.txt	ce4dec78-ced6-4ddc-809b-44cb21e1279d
TCGA-73-4659	1cbaa76b-064b-46bd-ae5c-4ac32b40d63d	1	526ab1b4-f9bc-4c85-92fe-e8e7dd2ad3fc.mirbase21.mirnas.quantification.txt	39520f40-0c75-4c36-9644-d92cea1586a2
TCGA-86-8585	1df82894-4f6b-486d-88fd-d32fb58e881a	1	375367f9-2154-4b04-b044-81b9886dd92d.mirbase21.mirnas.quantification.txt	1a8ba3b2-4b82-45d3-a7c8-01700f801831
TCGA-69-7980	1e1d4025-539f-481f-a990-ebe24f401e92	1	b7f7085e-e0f3-4189-9595-ca3e157efbb7.mirbase21.mirnas.quantification.txt	2901b7a5-8b01-4549-ad55-3e823f5889ee
TCGA-44-7661	1ec71b10-7ca9-4945-ba6e-f9c8c88511a7	2	cf055912-bdef-44ac-bc4b-d9bdbc51e3ab.mirbase21.mirnas.quantification.txt	e77a22f8-11df-4f6e-b478-bcb9f3dc21fe
TCGA-44-3917	1ee599de-8bba-4130-a633-a6024dcfbff0	0		
TCGA-05-4417	1fae764e-3807-4565-a78d-5ea852d327a7	1	25024486-0b18-453d-8c24-ae20b95c13e5.mirbase21.mirnas.quantification.txt	f375ce36-34f0-4bf2-b5f2-5a5d5ab8f1c6
TCGA-91-8497	20237856-9aa7-48da-aabd-3416f837c3aa	1	f719f3da-96b2-4724-a6b9-ba19d17b8b29.mirbase21.mirnas.quantification.txt	67e54bec-7016-4796-bf7d-215d0705c024
TCGA-49-AARO	203f987b-51cc-4449-8bdf-0f5d81869d4e	1	3f8f98b4-26f0-4391-aeb6-776697f7a135.mirbase21.mirnas.quantification.txt	0f61b059-b204-4190-b4df-d95c31c772a6
TCGA-69-8253	20cc72b8-019f-4390-b473-c52c1331fba6	1	185e2931-8222-4e12-9a84-ec93076e0620.mirbase21.mirnas.quantification.txt	54eb639d-f2a9-4e19-9039-796d6df2eeae
TCGA-95-7948	21560bb6-dd63-44f3-8c03-3818f4678470	1	c35ee127-c889-4cb6-b865-c447a87833fc.mirbase21.mirnas.quantification.txt	6fd18633-7117-4051-b23c-b541de533448
TCGA-05-4395	224ecba4-13b9-4019-8910-7dd1ed0dc749	1	4d4b31af-5582-40eb-8423-fe153411eac3.mirbase21.mirnas.quantification.txt	394c2b9f-158b-4e33-bfbb-f11ae45c1c25
TCGA-86-8054	225283d5-26f0-4d60-9ea5-42b0e2bc5d6b	1	239b5cf3-c149-49e2-8f5e-b6066e1ddb10.mirbase21.mirnas.quantification.txt	7daf6e5a-c327-446f-98eb-afc7903d24d7
TCGA-75-5147	2297ba46-b1fe-49cb-a1b8-40fb9bcd567a	1	739c865e-fdac-4d7e-9bff-a230ccc6408d.mirbase21.mirnas.quantification.txt	e15764ee-9cf0-4907-be1a-4e6097e4d20b
TCGA-55-8205	247c60cd-7dd1-4c13-919f-ee55475da09b	1	5ee983d1-8ec5-461c-aff8-4659ca158ef2.mirbase21.mirnas.quantification.txt	20384a2a-9149-4abd-9d1d-01d93c580f93
TCGA-MP-A4TC	248b31d9-7ed7-4218-9aa1-63c3a294912b	1	5f2cbe13-1d46-4271-b0b7-3b7abdc71c63.mirbase21.mirnas.quantification.txt	2d25b23d-680f-4154-b2bd-54e87d2ee254
TCGA-80-5611	258d400a-c5ca-43ee-9392-ea1f176a3f3c	1	9d0b32c8-f592-45e6-9a82-3f39236c8d92.mirbase21.mirnas.quantification.txt	8349a1a7-18b0-48ae-9061-b68bb278449b
TCGA-73-7498	265d80d8-1364-4a28-9335-7b236cf9e109	1	53a157f6-51de-4826-977b-e9d945e21207.mirbase21.mirnas.quantification.txt	6de6f45b-fe96-4fec-8e4b-8c008ad507ee
TCGA-44-A4SU	2663cb5a-24a1-48a8-9ec4-6f48e65602dc	1	509bcdc0-baf4-4fc3-82ed-49e009e2f9c9.mirbase21.mirnas.quantification.txt	daf745f5-f852-47ef-8c0b-a32d14dea21c
TCGA-44-6775	26789ba4-7d44-4f7b-9749-db37320ff1ff	3	00d98548-c721-497f-970a-10290db0d494.mirbase21.mirnas.quantification.txt	05a30195-48d9-4a34-9bbb-8061cc03831b
TCGA-53-7626	26a465b1-0367-4518-8bf5-c932ce1537e3	1	26d47d0e-422d-4ede-af36-d40725b1ce61.mirbase21.mirnas.quantification.txt	c7ca45b5-9d97-4af4-ab9f-08642fc9734b
TCGA-55-6987	26ebbc69-9b84-4ea6-97bb-54357493b805	1	204843fa-d98b-4ecd-b0e5-9419aab24d9d.mirbase21.mirnas.quantification.txt	27fd0aaf-27f2-4070-8881-ccbad481f720
TCGA-49-4506	274bcdb9-fbe9-42cf-8744-bdab220a05a5	1	29c61bef-0f5d-45ad-99f8-d8cf0e2b49b3.mirbase21.mirnas.quantification.txt	28c1b0e8-f92c-45d3-9534-3404f19ff389
TCGA-NJ-A55R	299102f7-9ef8-49b2-a815-3f0faf176006	1	bee3beb2-3739-47a0-a6bb-1db22d0882aa.mirbase21.mirnas.quantification.txt	189a446b-e7d1-4801-a8b3-e68e1aaf440d
TCGA-NJ-A4YF	29fa3da5-59d1-466f-843e-24623b83ba31	1	e5e4d2e9-977f-4bc5-9805-e51e0fa6170e.mirbase21.mirnas.quantification.txt	d9f4bb25-e8f9-43a2-8dbe-ad700047e46f
TCGA-49-4487	2aa3a12c-43ad-4780-8ad0-f1fb943a34c8	1	f68f983a-5b3f-4cd6-ad5f-0521d90e3553.mirbase21.mirnas.quantification.txt	7ed03d8a-a84d-4221-8971-41bb69dcc893
TCGA-49-6744	2c76067c-f690-4d7c-b5fd-69b9facb0d21	2	c6aef95f-0b0a-48bf-9de5-50a81a2f2c77.mirbase21.mirnas.quantification.txt	652012ae-4961-4d75-9887-05d3c0d1aaa3
TCGA-86-A4P7	2cb273f0-9c32-463f-9450-c12b219c5722	1	09060213-f4f0-4114-b7b8-9ac36c0673d9.mirbase21.mirnas.quantification.txt	47043ba7-1dfa-46cb-8fa6-28ca2e626cda
TCGA-75-6203	2d219fde-dd85-4235-adb3-7c2c33c3b851	1	d8c630f2-62ba-4bad-beb6-c4f777d57dad.mirbase21.mirnas.quantification.txt	f8218666-3e52-47f8-8029-dbd90faac2e0
TCGA-64-5778	2dcc20e1-8634-448b-823a-deb3fc038651	1	ca1518ed-cdd9-4e6e-92a2-3c63a8f18c33.mirbase21.mirnas.quantification.txt	fea202fb-1a1e-4ef0-843c-f06e03064164
TCGA-MN-A4N5	2e0fb090-8b22-47b6-a590-69aab999fcfe	1	ee026d04-15d0-4391-a4fd-32d1998cdaeb.mirbase21.mirnas.quantification.txt	e902f9bf-8ff3-4fd2-b4a8-02b351faba53
TCGA-78-8648	2e3aceb6-3263-4fa0-97f9-e2763719a49a	1	152ac88c-989d-48f0-8adb-f5e2a95c8657.mirbase21.mirnas.quantification.txt	5404600a-4ffd-40c2-a2bb-920b077ccbf8
TCGA-05-4244	2e77cbbb-e041-466e-a52e-9355002e78fc	1	3f03c090-78c0-4b3c-9541-3fa95da8db86.mirbase21.mirnas.quantification.txt	74039163-df79-45ae-8df5-2486f9e59adf
TCGA-75-5122	2edad525-0b1e-453c-9b39-cb126c92e079	1	75797069-0eee-4c51-ba37-89caec41ab33.mirbase21.mirnas.quantification.txt	3b7f5f99-c51f-43a2-bdaa-a4d04e0069d2
TCGA-78-7152	2f27cd8f-a89c-40d4-a9fb-fcc971ca8393	1	2c30a06f-91e2-4d1d-8059-1e5ffddc21dc.mirbase21.mirnas.quantification.txt	35fb18cf-856d-4cf6-a3af-307f1c6c5701
TCGA-55-8207	2f6b1e19-cce9-41e0-a1bd-0e61c4e9539e	1	346401a1-9cfc-4535-91bc-764d01bb41a9.mirbase21.mirnas.quantification.txt	66807a19-b7ef-4456-91f2-35edb279ac85
TCGA-86-7714	3069dc9b-9c91-47ec-88da-69afc3f7cf9a	1	98326dcd-1f34-4037-b0d9-3333f9798244.mirbase21.mirnas.quantification.txt	43aed1cb-88bb-4687-9a19-89d8e4bf571a
TCGA-05-4432	31a48913-eba1-42d1-8d62-0891e1766a68	1	f22c50cc-a044-4ac3-bcd1-5ed18b0e8359.mirbase21.mirnas.quantification.txt	ffaa1f68-73f5-429c-9e70-5c8478fc7dbe
TCGA-55-8507	3212e598-ce64-483f-9ba9-0d1b22c41fb9	1	e8ccf9b2-09cf-44ad-b064-15136fd12a1c.mirbase21.mirnas.quantification.txt	779115bb-c701-467c-8314-d3898284e3ad
TCGA-55-8621	3239864d-91bf-4b8b-a1f7-4d57c32e0e49	1	cde4bf66-5e18-4b7f-9556-2217ae9c8f58.mirbase21.mirnas.quantification.txt	4649891f-7658-4628-8902-cd059029a8de
TCGA-91-6828	323d5524-de9e-4fbc-81a0-f480e4bcad78	1	288d037b-f94d-499b-89de-522307024233.mirbase21.mirnas.quantification.txt	a902a20d-2076-4a6e-b82f-39b0192e4f26
TCGA-69-7974	32927503-abc1-4b75-9f5e-d0a2f9a785e9	1	8f9a2c61-64e2-4140-919c-157639d383d3.mirbase21.mirnas.quantification.txt	c603486f-df08-46f1-90b1-194e703e48f9
TCGA-50-6593	32fd749d-e3d0-4cc3-aa57-5675b2b67a3a	1	add87cff-30ae-41e8-aef7-2b5c96be398e.mirbase21.mirnas.quantification.txt	2086a7c7-4e29-40fe-bb8d-05baf636f516
TCGA-MP-A5C7	338a7322-d9b1-4c3f-8119-7c3aef5d9f40	1	038cea02-cec0-4699-b18d-40a3428624d3.mirbase21.mirnas.quantification.txt	02a56269-2b21-4768-8136-beee745466c5
TCGA-55-A57B	3455fb41-0f1e-4313-aca9-31b59fa265e0	1	020016c0-1d2c-4e49-8162-69aba65b653a.mirbase21.mirnas.quantification.txt	58c29706-c7c2-42f1-b68b-3fedb46c6edf
TCGA-MP-A4TF	3470fae1-e405-4f54-b180-0fc50190074a	1	178a09a6-e0ac-4156-b575-474f74064c64.mirbase21.mirnas.quantification.txt	a34442e4-762b-486e-b6bb-733a4cd74366
TCGA-97-A4M5	347848b6-0c53-451a-a325-83274904f74c	1	6add07eb-75b8-4a60-95f9-2292a6c4ba50.mirbase21.mirnas.quantification.txt	21823145-3940-42b3-b322-be682c399856
TCGA-71-8520	34bbba6e-7da4-40e6-af3c-cba81ea2569b	1	68ff8d8f-b876-499c-b125-cb852381ab4e.mirbase21.mirnas.quantification.txt	c22dd3d0-e7e1-4043-9511-a5d2696987c7
TCGA-49-4514	34d0ce62-261b-4080-bf87-c4eb40f7afae	1	6dfbacc4-bc16-4ee7-9a42-67621638b8f0.mirbase21.mirnas.quantification.txt	f54fa879-2f99-4a29-a053-46beb41c1a12
TCGA-MP-A4TJ	34d15f79-398e-4288-8433-f9f60b2f43c8	1	3c07e310-27af-4428-82a6-b6e6dfb39d0a.mirbase21.mirnas.quantification.txt	dd8fa1fc-e908-44dc-9bf5-33015627b59a
TCGA-55-8091	35624e96-c5e2-4b5e-86ea-9302f3646371	1	bd59f726-940d-4190-8d65-9e07f2788226.mirbase21.mirnas.quantification.txt	bd0c7021-ac51-4814-9662-e3da0647c062
TCGA-05-4405	3653dfea-049c-4ae8-8aca-cf6799797dd7	1	17447274-76ce-4b9c-8a28-b176807b9d25.mirbase21.mirnas.quantification.txt	b9997d02-ddd3-4c84-b1d0-42f796e36cd3
TCGA-93-7347	36c9894a-2068-4b67-a81f-cfe42e7a938e	1	4793cc77-dfa5-4452-a88f-74920315e6f3.mirbase21.mirnas.quantification.txt	1f0a0b54-9d8a-47fa-8fe5-87a71370f7cd
TCGA-50-7109	3786c392-c7b3-48c2-835d-8bf98c14ffc8	2	85450773-7edc-4e68-9918-ad55b90905c8.mirbase21.mirnas.quantification.txt	bf1263f9-de75-428e-803f-d332079e7c85
TCGA-97-7941	37f4b5fb-ea88-4adc-8c7b-41cc155fb4b2	1	3e3f9169-2aae-46ee-9c85-4f25f1376838.mirbase21.mirnas.quantification.txt	9a0a7766-6915-4ad8-9ae2-6b5337fddab8
TCGA-49-4510	3811eb71-5961-4ff9-b67a-cdecbd97d976	1	66f25b4e-6a0b-489f-a2c8-5b8bc573d97b.mirbase21.mirnas.quantification.txt	510bed41-64ec-40f1-bb80-9b2e26d41f96
TCGA-95-7043	386805b9-0738-400a-bfa7-a0d226648e59	1	a42e9cd8-1566-4912-9982-fe423d9bbbf5.mirbase21.mirnas.quantification.txt	7b56d88f-71aa-4560-88e2-ebe853066a5c
TCGA-44-6777	3869800d-4625-437a-a78a-d9d86fe1a33f	2	049c8973-5621-4863-9fd4-3e8e7b47b9ea.mirbase21.mirnas.quantification.txt	75523cd0-bbd0-40a1-8cf2-98e8dd310bcf
TCGA-49-6743	389a2ad9-e97b-4875-8268-277646d6c578	2	a123c120-7a99-48f1-88d3-7af89f9421b9.mirbase21.mirnas.quantification.txt	3a5d0994-5ee1-45d8-8838-6be693f7c7ee
TCGA-05-4390	398d1a0e-f2a0-4508-8f38-75d2ba13def7	1	33568f1e-8704-4ea5-948b-564057e5a36b.mirbase21.mirnas.quantification.txt	0178f4cc-26db-47ce-8025-6fec60523991
TCGA-38-4628	3a774226-0df6-4175-b617-b0a65e2ecbc4	1	05111cac-b52d-4da1-888f-7e346275e1a7.mirbase21.mirnas.quantification.txt	79347803-cf8e-4590-a519-80c3ba449289
TCGA-75-6211	3a8082f8-3674-442f-a014-af2d979651f6	1	70def25c-2d82-4cb5-af4b-6996114e5d79.mirbase21.mirnas.quantification.txt	4913603c-ea57-4eef-b62f-5b94b765d88c
TCGA-44-6775	3ab2f73d-0da0-4285-9e3f-761e92b1fb3e	3	00d98548-c721-497f-970a-10290db0d494.mirbase21.mirnas.quantification.txt	05a30195-48d9-4a34-9bbb-8061cc03831b
TCGA-NJ-A4YI	3ad1aaed-4965-4ee9-8d6d-f550a6b7384f	1	db1e4b81-8aba-4fcd-be1a-ede009a7c3ff.mirbase21.mirnas.quantification.txt	05441d59-2991-4edd-89f8-58e1869579e6
TCGA-78-8640	3adc8e41-197c-444c-a1a7-4eba3d1b9785	1	17200182-1dd4-4557-b435-dc0b9ac45ed3.mirbase21.mirnas.quantification.txt	ce53c0da-b3b7-4563-bb86-4b9c220fa252
TCGA-86-7953	3b4546b8-0423-4d32-8854-365f7ae4f2f9	1	2eae09ca-76e6-45a8-abd2-39d084b3f5f5.mirbase21.mirnas.quantification.txt	d6fb6a11-f693-4204-bfc1-e2cb1e628eae
TCGA-05-4382	3c28b497-ffe6-4896-af98-2e6fab76312b	1	bbb0a08f-8a93-420b-b96c-58bb3e07c9e6.mirbase21.mirnas.quantification.txt	0104295c-9b03-45c0-a598-36d9b788b450
TCGA-44-2666	3c405523-f440-4296-8382-d38de380620d	1	33239bf2-49f3-48d4-a5f4-a17e9c4a1b2d.mirbase21.mirnas.quantification.txt	7bfddefb-67c0-4913-ad6e-2fcafa43575d
TCGA-69-8453	3cd3b1af-abe4-446c-83e0-3b80e1606a34	1	6fbb9775-679f-499f-b7e9-6cf5c8daee4d.mirbase21.mirnas.quantification.txt	a81be344-9d95-48f0-a40f-635b0b3b03c3
TCGA-49-AAR9	3d81f613-bd3d-4037-bd22-c32fe41c0c1f	1	94748d32-8426-4ab7-be1c-aa22b451ea2a.mirbase21.mirnas.quantification.txt	05a8eb54-d450-462c-8c23-c491c70f8d1c
TCGA-MN-A4N1	3e69e3c1-741d-4db0-9ded-777d86918960	1	769b38f0-1e2d-4158-8d81-908744d47bfc.mirbase21.mirnas.quantification.txt	38ad0959-206f-4171-814f-eb5acbcf1284
TCGA-55-8508	3fe0cda8-59e6-42fc-8b29-53c55071d8fb	1	02c17ea9-a26f-43e4-91d4-9993013b6e43.mirbase21.mirnas.quantification.txt	73569c91-c948-4450-8e37-75f1eb3b0946
TCGA-38-7271	414b0acf-6dde-4a4a-9e34-ecc849905a33	1	f6455c78-238b-443b-ae11-bbc486ee3b0e.mirbase21.mirnas.quantification.txt	811c672b-27c4-4c07-82d0-141018bf5a28
TCGA-50-8459	418096ff-ec21-43f5-9deb-fb7f6c67beb5	1	5d1eb8ea-1d60-4a4a-a4cc-282251453247.mirbase21.mirnas.quantification.txt	82e0933a-8c23-4b37-8fd2-efd3f598d8ef
TCGA-55-8208	41f12b8a-5304-4cb2-8154-bbb163c8bffa	1	8a23ad95-afe7-40c9-a4a1-0377879c729e.mirbase21.mirnas.quantification.txt	50cac6dd-b966-4495-aa3f-03e59f749d73
TCGA-44-7660	4270263e-7fc5-4393-991d-21fb442152db	2	b7a508dd-6a32-456d-910e-6f3fe75856d3.mirbase21.mirnas.quantification.txt	48003b32-52f9-48a3-9adf-b5e6694f91ef
TCGA-4B-A93V	42ac0fe9-ec52-46bc-8d7b-7a16f15e10f8	1	ba4bf123-5354-4d06-9e2d-6c128e7c8df0.mirbase21.mirnas.quantification.txt	3c8c4df0-aea3-479c-8cc2-1c1c49e39c63
TCGA-67-3773	43045cff-7339-4b8a-bdb8-f956fe5c93ff	1	a03ddf72-f37c-4bd3-ae22-33de7091e227.mirbase21.mirnas.quantification.txt	7006f16a-e9d2-44ed-b549-690176145a98
TCGA-44-7670	43296741-d74e-4c35-ba53-cc99c0a9cff4	2	c47d24d0-c37f-4e6e-be9e-a1e061808093.mirbase21.mirnas.quantification.txt	8ea0b17c-88a4-4b8f-8022-e8cc3167008d
TCGA-49-6745	43318e69-4aa1-4f76-ba79-658a3a04fe87	2	0765c335-1688-4d47-a05c-05213efa89b0.mirbase21.mirnas.quantification.txt	bbbe2725-b983-4141-9069-06cd648e7761
TCGA-55-8090	4331c78f-f4b3-40d6-bf1c-5e31cd2d267d	1	81f760fa-232a-427e-a3e6-5d1af57fab71.mirbase21.mirnas.quantification.txt	28798821-3eba-4fc5-a223-0ff65f60ea5f
TCGA-55-8206	433cc4db-ff0f-4d4a-ab20-29675ade1dd9	1	46660faf-c388-4beb-8617-23852ccbea15.mirbase21.mirnas.quantification.txt	709e98be-2e6a-4405-a1ae-047f98a7ee40
TCGA-55-8615	43515213-1376-4894-8a64-cc83033b2b30	1	1d568b7c-6e90-4599-a84b-8ebc9fe2d67b.mirbase21.mirnas.quantification.txt	80bb888e-1ce2-43b9-90a0-12c2438af82f
TCGA-55-6983	43bc7438-a594-4913-92c4-91d0a9bacb0d	1	0ce7bbc4-8258-4e88-afbd-26d99b8af1e1.mirbase21.mirnas.quantification.txt	aec4458d-ffa4-4f43-98b4-0504b0319b80
TCGA-55-8203	44693fa0-d6ac-41d8-915c-dc473989f81e	1	3914c22b-df2e-4987-b407-81f0259b9eab.mirbase21.mirnas.quantification.txt	fd053d27-10d2-43be-8132-08931be36a59
TCGA-78-7162	46005efb-d3ab-4724-b997-8a0f51a17163	1	55502b50-eb27-4a2a-9650-9b9d7364663c.mirbase21.mirnas.quantification.txt	add452f3-acbe-471d-a481-4dfaec25208a
TCGA-69-7763	461a7101-5dc5-4780-a06b-2774bf509bb4	1	576935e7-9c4c-4e30-912b-27e4429ffeae.mirbase21.mirnas.quantification.txt	ca12440c-65f7-4017-b924-1af1ee5cfce0
TCGA-L4-A4E5	464ea777-62fe-4191-bfec-818e6bb0234b	1	7e669183-bf15-48ae-8eb1-de24ef81f793.mirbase21.mirnas.quantification.txt	5a44861d-ac4b-4b36-9913-a01492ce8398
TCGA-78-7536	46510215-9de1-4bd5-b46c-f47ba1602c7a	1	113343f0-5772-4c16-ab6d-3a33d01a24bf.mirbase21.mirnas.quantification.txt	89428771-b6e0-4e8d-aa0e-0cead125654a
TCGA-50-6594	46c147b5-e968-48e3-824d-20ba7b4f5f42	1	347e3e9b-cbc9-4d49-ab5f-d3d4a109e982.mirbase21.mirnas.quantification.txt	40933dff-088a-489c-bbad-ff39d8c72612
TCGA-78-7537	4723ca7d-c134-4e06-833c-d8bd36f2a069	1	1a310af4-190e-4fe9-98ae-3f3c57d8a177.mirbase21.mirnas.quantification.txt	6df1d451-90f2-4419-aee1-60398f2f4136
TCGA-86-8075	4737fe00-45d7-4db3-aff4-cef91365d756	1	1fd53b7c-6b51-4c9c-816a-1f68f2ed3c0b.mirbase21.mirnas.quantification.txt	7358d18d-fbd7-42ee-a621-63879b0be129
TCGA-55-6979	496d1828-9028-45f1-8e60-0ff5a741da46	1	a6329885-d43d-4e05-ad66-fcc2e4a5b35b.mirbase21.mirnas.quantification.txt	1df3c946-9003-4f67-aa1d-6e3746ff945b
TCGA-44-5643	496e5221-1a98-428e-acca-0a0ac07e96c2	1	3def6952-49ad-4b8e-8bd1-b6fd8b19fc8f.mirbase21.mirnas.quantification.txt	ee17ab5e-d6c3-4fc0-ac95-dcfc33621852
TCGA-62-A46P	4a2ff64f-e298-4999-9337-6f8389c4b0b3	1	0cc13abd-570f-49a7-9212-6cc1ecf99412.mirbase21.mirnas.quantification.txt	c09c477d-b1dd-4314-b3a8-3ab75fe155cb
TCGA-55-7913	4b0156dd-8430-42f6-9b6b-4e58c4e1ceb9	1	0a7c73c7-0894-407a-bb48-9eebe2d27894.mirbase21.mirnas.quantification.txt	032f9c8a-572b-427c-bee5-20fed35cf10f
TCGA-62-A46S	4b2b8d75-913d-4467-a5f4-9ce41d363913	1	83d5e4f8-a59f-4d2c-bf30-e021a25b4abc.mirbase21.mirnas.quantification.txt	ae8fc50a-e0de-41f8-8a8e-8933c9811d5d
TCGA-78-7540	4b3651c6-0849-4c4c-bdfc-db490736dd9c	2	8345f95c-269f-476b-82a5-0630ee50b97b.mirbase21.mirnas.quantification.txt	67c1e062-6fb8-426d-bc39-899c7b7df658
TCGA-50-5066	4b85d0a9-2229-448a-8ac8-396aa35d4d76	2	074fc035-2523-4c40-addb-c6bd016975a9.mirbase21.mirnas.quantification.txt	996dff4c-26b7-4dd9-b176-5a5b9c4bfa1a
TCGA-62-8394	4c1db853-fc77-4f58-83b3-2c53bcd2359e	1	d86360eb-f641-46b1-ae85-b9642f9d2258.mirbase21.mirnas.quantification.txt	49e510cd-72ed-43ba-b9f0-da9c795b1b6c
TCGA-49-AARN	4c27082d-77e1-4541-82d4-cab578bdedb3	1	5655ec51-8f1b-4232-a628-54ec0e311e7e.mirbase21.mirnas.quantification.txt	e7ca43ef-e013-4f02-94ae-aa374615545c
TCGA-97-8552	4cbdd519-d6bc-442f-9e0a-b27ad61339a0	1	9a095fa0-89fe-48ff-ae3a-68d2eb8e161b.mirbase21.mirnas.quantification.txt	3bf12613-9c1c-4355-9919-dfcd7e4faf31
TCGA-55-A48X	4d51c484-cfc6-4537-b51b-1876752c49af	1	dfd17a07-ce28-4ce1-85b8-730f03304929.mirbase21.mirnas.quantification.txt	ea852d19-14b0-4bab-9b6d-a66a9f1cbe24
TCGA-44-6147	4d7cfd50-b134-42b0-8519-ef2078461576	3	1c59746c-9d4a-4ee2-a168-8760ad63d397.mirbase21.mirnas.quantification.txt	2816c887-04e1-4a63-9246-db2b55afcea2
TCGA-55-1594	4e2a524b-127c-4823-9cbc-778d7ac5d603	1	1d859458-f851-46ff-8e82-912f40b2f938.mirbase21.mirnas.quantification.txt	1625d700-8c20-400d-b337-be8459e8a7cf
TCGA-97-7547	4f5dde66-374b-49dc-a832-d4b9dce3e8c4	1	4c97f0be-c026-46af-83fc-6682e30b3a6c.mirbase21.mirnas.quantification.txt	c40c99ce-9497-437f-ac7c-578ad5484f6c
TCGA-05-4403	50235b25-7a23-42a8-aaa7-479000c74e25	1	445f15fb-9cae-4f5c-86d8-87cf19e7cf78.mirbase21.mirnas.quantification.txt	44a8fc27-9ffc-42db-8e69-1a0482c0d5b9
TCGA-49-4501	5051d0db-0cc8-4418-aa02-a436e65daae4	1	44204414-ee82-4e8b-9570-3175be65ca11.mirbase21.mirnas.quantification.txt	242397d5-54af-4129-96a6-8874da96e6ed
TCGA-44-6147	505fb071-db55-4ecb-b431-68e6bc0eb3e8	3	1c59746c-9d4a-4ee2-a168-8760ad63d397.mirbase21.mirnas.quantification.txt	2816c887-04e1-4a63-9246-db2b55afcea2
TCGA-44-6774	50c1072f-638d-41cd-85b7-708f5059099d	1	c70fe972-a9dc-4902-bb3c-d5ed57b28d28.mirbase21.mirnas.quantification.txt	ae6b7da1-630d-4234-8acc-f51462a42286
TCGA-86-8280	514abffa-e558-43e8-b84b-aff8ab9ba125	1	7df24545-215d-480c-95c2-8df7b8c1e5a9.mirbase21.mirnas.quantification.txt	d155398b-f10a-4196-a7a3-1ab9d47cb29f
TCGA-44-6779	528c8985-add4-4b9b-a803-1920e7e8ed5a	1	39bdbacc-7afc-4b5d-9910-0173551b913c.mirbase21.mirnas.quantification.txt	9d706d56-6139-4624-a4a4-b3de183c73c2
TCGA-L9-A50W	530015ae-0f56-49d1-bf54-09d3601d3438	1	1347a7c1-5ff4-491d-9f9c-f32d960074b8.mirbase21.mirnas.quantification.txt	c4c4fca6-302b-4140-ba74-00f5e249b095
TCGA-50-5044	537f50e2-2c6e-45a1-96dc-390e52b31d8e	1	80f2cc47-40d6-4a5b-a59f-078b9bb4f9a3.mirbase21.mirnas.quantification.txt	d1dbeebb-189a-40bf-a782-04b0c222842c
TCGA-L9-A443	53dfb839-1ccc-4436-9c56-4eb69c919b80	1	5fe6f7d7-991c-4c29-8114-9632f635d48f.mirbase21.mirnas.quantification.txt	f7488f2a-a9e0-492b-ab0d-4d9e63b676a0
TCGA-55-7911	542d0587-0b8d-4947-86b1-a9fd62dba895	2	2288a1aa-8f29-4a29-a619-2c49fde819ae.mirbase21.mirnas.quantification.txt	4bb17833-16fa-4605-bea6-d846e8076c07
TCGA-64-5779	54373890-babf-4cd2-97c6-431132968e9e	1	c3c56dc0-dd8b-4344-aaa2-0b4b0f1f9c89.mirbase21.mirnas.quantification.txt	d24db714-0eb5-4de9-80d0-f552cffe3883
TCGA-05-4250	545b3be7-9189-4e1e-85d6-af4a7540ec97	1	67479331-d0ea-422c-89bb-ee819e9dba2a.mirbase21.mirnas.quantification.txt	15b7b143-ee3c-43d1-8439-da7f4acd122b
TCGA-78-7167	54a57813-e303-4f40-af5b-cc31dcdb08f4	1	2b700f8b-a316-431b-be6f-acc169fb8245.mirbase21.mirnas.quantification.txt	5b16758b-5e73-4891-886d-831377e65ed3
TCGA-78-7161	54a6eaea-df92-45fd-aafd-493893e32972	1	c86af67e-b25a-4dcb-b436-bdfe7a5428c2.mirbase21.mirnas.quantification.txt	c1b4c503-899e-4791-ad18-4619b2740f96
TCGA-97-8177	550dc8b6-cd84-46e7-8ac0-05189ff8806c	1	93c41169-8026-4fd2-a5ad-1fe55cd4a1ed.mirbase21.mirnas.quantification.txt	df51d003-be23-42e5-9764-66afe29f757b
TCGA-73-A9RS	55347ece-36b3-4a00-82b2-5013320791f2	1	0ab7c85e-6967-4841-a56e-6f010edc2350.mirbase21.mirnas.quantification.txt	611283fe-c0d9-4276-b387-3a8d6e496638
TCGA-MP-A4T6	553f585c-8dbd-42ed-8d3e-1eb42c15ae0c	1	62748187-c58c-4d26-9bac-d3bd348c7f9e.mirbase21.mirnas.quantification.txt	77a7cdf7-68e7-4a4d-bd08-7e885f5c2b6d
TCGA-62-8398	55f47991-b5c1-466e-b193-86b9dfd9300f	1	3a2e29a9-6b55-4e10-bbca-c9a152448c14.mirbase21.mirnas.quantification.txt	b50952dd-53d0-4e10-9212-f186980e48e7
TCGA-55-7815	56ed3c50-77fb-419c-a6f7-9b6e3f9ba69c	1	aa921501-cc9e-4545-915c-9c647f798660.mirbase21.mirnas.quantification.txt	16e1e65c-37bd-4ee2-b51f-6c30ae8f30bf
TCGA-78-7160	575aaa09-7c8c-4d61-89bd-ba0de840d44e	1	853e5acf-2710-4d13-989f-d977f5d3db51.mirbase21.mirnas.quantification.txt	00fe6d87-6f9f-4818-8e9d-9672af400474
TCGA-97-7937	57d3e4aa-63b4-4b6a-bc6a-19da3b9c66fa	1	f93f7c98-9f58-4a9d-8b2d-3818ebf851d1.mirbase21.mirnas.quantification.txt	65e3572c-7475-456b-a1b6-7bb18bd65a04
TCGA-55-7727	584e549f-a46a-4650-8229-d12ba79edfeb	1	7ee9263f-dfa1-485a-9292-308fb6316bff.mirbase21.mirnas.quantification.txt	3af1022c-e45f-4416-9977-ad9746dfcc47
TCGA-73-4668	59b98b28-a98c-47c0-80bc-f67ae7ea4717	0		
TCGA-78-7539	59eddb0a-a7ff-4bfe-b62a-331438574630	1	bc802faf-8352-4c4e-8890-93d37af15071.mirbase21.mirnas.quantification.txt	6e1afae2-d3bb-46fc-84c5-2703f98b1a6b
TCGA-50-6595	59fbdda7-7cd1-44e3-8b18-736e6e3898b2	1	3dcd0ae3-1cb2-4056-b2cf-184758b7fc24.mirbase21.mirnas.quantification.txt	a51d1524-3daa-4f38-b9ea-d705bf96f08e
TCGA-86-8056	5a22fe6e-92cc-4a61-9791-f179e8a4c3f4	1	888f5963-c698-4d01-9981-e8505e214af2.mirbase21.mirnas.quantification.txt	369b5454-d30b-4d42-a819-3a31aceaaf17
TCGA-50-5051	5a4430b7-c5b4-4f70-bdae-bdcb95e67ab4	1	b838f31a-077e-4476-8e28-10a4e85c0326.mirbase21.mirnas.quantification.txt	4898173f-74e7-4f07-8fc7-5cc830028648
TCGA-62-A46Y	5a76d3b6-d6e3-4a46-a175-7388ced0225b	1	26b07a30-a2f4-47b8-92c6-bd2e173a5ac8.mirbase21.mirnas.quantification.txt	23b36f19-afb3-4e04-b665-618a0c9b8523
TCGA-97-A4M3	5b268533-b07d-4dc0-975d-fc3ab6c8d9ed	1	d4f91d13-61c5-4ce8-9e94-6e7c0e5bbbbc.mirbase21.mirnas.quantification.txt	f131662a-c565-476f-8c28-0af2d6dfecad
TCGA-J2-A4AG	5b3cd6a9-caef-4030-9370-b8c5662d5817	1	20991135-5873-49b1-b738-6724d8750722.mirbase21.mirnas.quantification.txt	56c388b9-0579-42d3-b0a5-8ac606816d08
TCGA-93-A4JO	5bc442de-4389-47ef-9972-de8714c72dc5	1	fd4548a2-1469-4b95-b436-e8cf6780af7d.mirbase21.mirnas.quantification.txt	742a1dc8-1cf0-41e4-90d1-d401baccf6e2
TCGA-67-6215	5bfc07b4-30df-44eb-a05f-f85a46cfa825	1	7fc2ef98-5caf-4fb6-9f80-04fef4739351.mirbase21.mirnas.quantification.txt	1442197c-6370-4d59-b795-f6964c0788b1
TCGA-67-3774	5c1e1592-0075-4b8f-a36d-13a8bd3d4b32	1	46729ec7-ce1c-4595-bba7-fe0c53de8bd2.mirbase21.mirnas.quantification.txt	64a464d1-bbac-46d5-9187-7b25e769ee2d
TCGA-55-7994	5f47bd26-2821-4011-b2e4-8f196eacf485	1	e541ddf3-fe79-4712-9e6e-f42c1cda6444.mirbase21.mirnas.quantification.txt	da50abb8-7b8f-484a-a344-b29946064140
TCGA-05-5428	5fb67cab-eb58-4699-8635-494c1ba4689a	1	0451288e-d776-4c02-a544-4a521c35e531.mirbase21.mirnas.quantification.txt	32228451-dcf5-41e3-8bb6-d1e5113f02da
TCGA-44-2662	5fc8a44b-df8d-4ac0-b6ee-3d3ffc26f395	1	50a432f0-c317-4af8-9a5a-0a89475a2fee.mirbase21.mirnas.quantification.txt	fcd2153a-5ac1-48cc-8910-62d2b8780087
TCGA-49-AARQ	5fe78954-8e41-4748-bcbc-937fc3bacb44	1	c395a94d-0882-42bd-81f2-347dc832f858.mirbase21.mirnas.quantification.txt	5e1acc8b-23f2-47f7-a0da-5bbfe9322d05
TCGA-67-3771	5ff00368-bf50-4d62-9204-d2b801eea88d	1	aa6fa30d-df3b-471d-930f-c630fd74685d.mirbase21.mirnas.quantification.txt	bcaa4401-36b7-48f9-afc8-b722b67772d1
TCGA-44-3917	6053694e-8b83-4f2e-9558-9cee6a0f3645	0		
TCGA-86-8076	61154309-836f-400e-b8e3-3b21a8cbda9a	1	74a84a90-2f65-4099-b832-f37b15ee1f8e.mirbase21.mirnas.quantification.txt	4a2c3060-e88e-4d73-beeb-4743ca017aa1
TCGA-62-A472	61b5aa6b-aa1f-427b-acdb-a9892a92a6b4	1	55e3e988-8feb-4894-b184-b9c7edc65481.mirbase21.mirnas.quantification.txt	f2e579e9-2199-429c-a92e-39ce7e02865c
TCGA-86-8669	62b7d036-0e83-4121-b83e-82d44ff0feda	1	e8f248c5-dc4b-4bad-acd9-0a4a17ff1cbf.mirbase21.mirnas.quantification.txt	8a56e79e-417a-4d64-bb14-1217f50c7be1
TCGA-38-4627	632fff55-afd0-4885-a594-e8a4a2828b5e	1	f187f1a5-26e4-4170-9536-61651275870a.mirbase21.mirnas.quantification.txt	d8cc0089-5b9c-487f-87ab-9a203b4be5fe
TCGA-73-7499	6380bf37-1357-4a37-8bd5-59d3483469bb	1	21f37a4e-87b7-47df-b95f-40e0a3bcbaec.mirbase21.mirnas.quantification.txt	cda739b5-08a3-4337-acd1-e1d30592a2a2
TCGA-73-4677	6604f62b-7610-45f2-9f0c-a2720c9e57dc	0		
TCGA-55-7576	662deac7-18db-4a10-b17e-9f0f7740292a	2	3df4d603-d937-4b0a-a41c-dd2d02bde6d6.mirbase21.mirnas.quantification.txt	e9c9fb13-4c58-4813-b690-b0f4aaeda966
TCGA-55-7281	6653165d-78ea-4b83-8074-f5a7310ddce6	1	121c4753-434c-4b81-9cd2-4669dec366ac.mirbase21.mirnas.quantification.txt	4d17c244-a4a0-4fdc-af77-7927396c1d2a
TCGA-44-7669	66caabe4-2b3f-41bb-8cbe-6f7413a2cacf	2	a387c86c-33f5-4973-b434-e8786ed5e42e.mirbase21.mirnas.quantification.txt	1e83d6e5-16e8-421e-a65c-055058f3fdc3
TCGA-44-A4SS	674504df-8a82-4f78-b636-4b83bce00ddd	1	8b9bca54-500e-4539-98b9-52f1c2d77cfc.mirbase21.mirnas.quantification.txt	20adbeb8-e942-454a-8a93-79d75c77e20f
TCGA-44-7659	675dd14d-f6da-4260-9d8e-ddb9ff6f820f	2	e3830f43-5efd-4651-9b3d-68b38d53b61c.mirbase21.mirnas.quantification.txt	5d387454-84e8-49fc-ad5d-b0c418df0827
TCGA-MP-A4SW	67a46307-2887-4efd-b1b0-1121c71c79f9	1	0b19f7dc-7a5b-40a5-8be6-4a503be0d41d.mirbase21.mirnas.quantification.txt	711c0983-f2bc-430c-a9f2-1ff2af167102
TCGA-55-8092	67ee2691-6149-4e3c-9590-cfca5df58bb3	1	e1188986-4105-4b07-94c3-f01522e7f6ef.mirbase21.mirnas.quantification.txt	8eec78b8-7153-482f-aa59-0dd8df1f85ef
TCGA-55-7907	6953a6b2-ff40-4d55-9778-86960b491d4a	1	4ee41626-2422-44cf-8415-3fdc7227bd97.mirbase21.mirnas.quantification.txt	b2f574cb-7c11-4375-b813-8af9459eaf83
TCGA-05-5429	69b9b1e8-2a19-48f6-ab01-fd5aa28e9ecd	1	9ff44c45-7e42-41bb-bedb-067996511051.mirbase21.mirnas.quantification.txt	143f51d7-474a-4b4d-872c-7ccf6fcf1eb3
TCGA-55-A493	6b26c1e5-14f3-4a99-9f09-2f398cc2a7a5	1	dacb634d-07ac-4e2d-a259-d950b9f82d8d.mirbase21.mirnas.quantification.txt	f9977d7e-9430-4544-9fd9-8671005621b3
TCGA-75-5146	6bcd3e0b-fd82-455f-a0a8-f1e5b966de81	1	51b1e78f-56a0-45dd-a892-89a9fed4c1c6.mirbase21.mirnas.quantification.txt	29fa52a0-1079-42a7-b741-e8af6e0fd5d1
TCGA-50-5946	6bf358a5-98a3-4b2f-8798-17f4f1a58f75	2	fbfa8b28-c379-4d39-8cae-a420180d2b04.mirbase21.mirnas.quantification.txt	6d869125-0f2b-406a-a1aa-4b352b2247d3
TCGA-55-7995	6c4dd588-cec0-4de7-9e7f-e8c293f6c0de	1	ee3ba8bf-a5c5-4552-9afe-69369e8cc303.mirbase21.mirnas.quantification.txt	cef7be82-3bb5-41bc-9050-abb74821b060
TCGA-78-7163	6cb5b978-cb1f-4825-94e1-8c278a8d4407	2	8b5c41d3-63a1-402a-9657-36d305ebfbc2.mirbase21.mirnas.quantification.txt	7858fdd3-34ee-42ce-8e05-606fde2db57b
TCGA-78-7149	6d2f339d-b966-42d7-8a50-84d939bbf1a1	1	e1950254-a850-44ae-8d0c-3efb75a8d275.mirbase21.mirnas.quantification.txt	997c03e4-dd81-46a9-8528-69491aac204a
TCGA-49-6742	6dc80d55-8af8-453d-a695-358a64fcfe37	2	4d869897-10d0-4f49-922d-f7ee9fc3c591.mirbase21.mirnas.quantification.txt	1b4915fa-7d36-477a-8bdf-30a6ce5437e9
TCGA-38-4626	6e554967-0f58-4eea-aefc-c27118a053a6	1	63c71532-352e-4bac-89fc-312da703f7fc.mirbase21.mirnas.quantification.txt	864aab6d-e5a2-4e0e-b5b1-11306de65bbc
TCGA-J2-8194	6f1d55c9-b791-49a3-b664-db126f812872	1	2d58d3bc-af87-4635-aee5-c07527502cb6.mirbase21.mirnas.quantification.txt	060e230a-e4df-4355-a7bf-e928a68cc4eb
TCGA-49-4512	6f42c71f-4f7f-4465-a98e-a3e0eaeb7950	1	fb6b7424-20e2-4426-9e7a-ce187d2cff86.mirbase21.mirnas.quantification.txt	c0b29f46-6415-4f68-96f9-41c5a2fdad4e
TCGA-91-6830	6f79db3e-51bf-4dd7-9dc4-c8680e9a12f6	1	544f8d81-daea-4571-bac2-c46cdada8405.mirbase21.mirnas.quantification.txt	52792628-b48a-4068-878c-960d5f6ebbcd
TCGA-50-6590	6ff53d7a-6faa-48d8-86c5-6003e66a0204	1	cbab6148-7e7d-42f7-a881-7714f01f60a9.mirbase21.mirnas.quantification.txt	e2fbbe22-e264-49d4-9ebd-fdb056e82b40
TCGA-55-A494	70b6cb22-87a5-4179-bb47-d6f69db5c885	1	e692e63d-53fa-43e0-95e0-2c9d5d9e14b1.mirbase21.mirnas.quantification.txt	f7354f0d-9359-47bd-bc39-674fe327cc60
TCGA-L9-A743	71899d14-1b01-451f-99b9-be8c13df032b	1	a5bb29e7-e53f-45f4-a040-d2ac3c3fff1d.mirbase21.mirnas.quantification.txt	666674da-441a-4bda-8db7-7b0b42939c10
TCGA-55-8085	72645086-713d-4d81-a18d-31bca94aa137	1	1482eb4f-ab18-4053-8416-e7108b41f1cf.mirbase21.mirnas.quantification.txt	c1dd94fc-a3e3-497b-913f-cdf29eda321c
TCGA-50-5055	7353ad52-e10c-4712-a2b7-43d01ca1821c	1	368f7854-2def-41fc-a75a-c684a387c3c1.mirbase21.mirnas.quantification.txt	8efddf94-3523-4616-9238-236ea0c9c195
TCGA-55-7914	735ec3e6-be7c-4cf4-beb3-51e8e3f8af36	2	ff6f8a58-1529-4c36-860a-1460c42d56f7.mirbase21.mirnas.quantification.txt	ded40ddb-85b8-424b-b7cf-f77d7c112c90
TCGA-44-7667	73b48f56-3131-407d-b8d4-72aea4d60b40	2	14e41141-da72-4939-a056-f3589b5c7663.mirbase21.mirnas.quantification.txt	3f57f1de-1c0b-4613-9c6e-4918493a5bbc
TCGA-75-7031	743690f5-9a26-4391-bcb7-7fd6428caddd	1	af2f3a13-e04a-4448-965c-dcca6fd6c233.mirbase21.mirnas.quantification.txt	1e4c8011-6f7f-4e9a-9230-6b1fc940e400
TCGA-62-A46O	74b764ec-9200-43d7-b883-a672db7cffb3	1	f536469e-2f21-46bb-8c41-03d00be00dab.mirbase21.mirnas.quantification.txt	c364807c-17e8-4f97-bd97-5be5499f255f
TCGA-44-3918	7572b8b4-182d-4530-921d-b10a3ff9becc	1	2906ca67-74c0-4944-847c-54d25e7dcb87.mirbase21.mirnas.quantification.txt	e17914b4-782c-4a08-9100-caf9286a3fd4
TCGA-55-8511	7592794b-1892-4a96-a6c2-759ce6879281	1	83a91282-b4f3-4f48-89bc-76c41ec83891.mirbase21.mirnas.quantification.txt	797a725c-e959-4c99-b9b2-9f2330990c56
TCGA-44-6147	75d88105-fa3f-4b7a-8c6c-005dba41b1b4	3	1c59746c-9d4a-4ee2-a168-8760ad63d397.mirbase21.mirnas.quantification.txt	2816c887-04e1-4a63-9246-db2b55afcea2
TCGA-93-A4JQ	760f4b91-9e86-41b4-9f04-f754ec33574f	1	ac1d34ed-7d74-4fa5-9588-3be45680b064.mirbase21.mirnas.quantification.txt	1184f1bc-9d86-4e6a-813b-603d51ec9ea0
TCGA-91-A4BD	76204583-ae8a-4db7-8ee5-28cbecf39a5d	1	20d4d7ff-ffb1-410c-a782-029423b122b2.mirbase21.mirnas.quantification.txt	a0bae699-50ef-40db-81ac-fad2410339a1
TCGA-44-2662	762e0be3-784f-445c-b122-fd975f09e344	1	50a432f0-c317-4af8-9a5a-0a89475a2fee.mirbase21.mirnas.quantification.txt	fcd2153a-5ac1-48cc-8910-62d2b8780087
TCGA-83-5908	76541844-6cf0-4c49-89b3-6d681c9fb9d3	1	1a11093b-ff9e-47a0-bbc9-ba7e15b0b27b.mirbase21.mirnas.quantification.txt	4457973c-583d-4ec3-a1f5-92de487d0195
TCGA-MP-A4T9	76b65ec1-dc9c-4f09-9618-6cf2f01b011d	1	b7897f0e-8156-480c-a069-0b48d436d748.mirbase21.mirnas.quantification.txt	4e7bfac7-23d3-48fc-833b-5f0026af1f0f
TCGA-93-A4JP	76c071bb-4ed8-4509-bd2a-0bb97290d40d	1	290a01d5-0516-4430-97e3-7f347e414664.mirbase21.mirnas.quantification.txt	58e081d3-58ce-4bdb-a9e3-8e61e2772b4b
TCGA-55-8614	7727bbb5-8d25-481d-bcd9-6af2f75058b5	1	3341a686-53a6-47da-8ded-4092494b591f.mirbase21.mirnas.quantification.txt	ddb0b254-d758-433e-9cf9-fba2c593760f
TCGA-05-4402	77c6e9b5-926e-4eec-be86-efc6627bda2f	1	eae50b8b-4f41-4cc0-a0b2-02d33f40363d.mirbase21.mirnas.quantification.txt	e0312b14-1a04-42f2-986a-8048fce07a81
TCGA-91-8496	7822a505-074f-451b-9dde-63670798e7a9	1	ef1565a0-1499-42f4-b422-97870b6f1864.mirbase21.mirnas.quantification.txt	7a4e47c8-58f6-4633-8cfb-8aef208a3018
TCGA-91-6829	782c15f6-580e-42be-91f3-f6458a17d6b0	1	5bff05d5-7770-48c1-b183-e3bb2ed03726.mirbase21.mirnas.quantification.txt	aeca6bd4-983f-418b-a479-b7df2a069658
TCGA-64-5775	78882db5-197b-43dd-b8f8-9ea9503f714e	1	54d7ff25-2f98-4ae7-b7c9-175f304196d1.mirbase21.mirnas.quantification.txt	6817150b-a54b-4488-a27b-21355834d164
TCGA-44-3918	79adaacc-ae37-4229-84b6-0aa5a51b57e3	1	2906ca67-74c0-4944-847c-54d25e7dcb87.mirbase21.mirnas.quantification.txt	e17914b4-782c-4a08-9100-caf9286a3fd4
TCGA-78-8660	7a540290-dc5b-4767-92ff-df003a02bb92	1	1114830c-716b-430a-9ab0-15883cee82da.mirbase21.mirnas.quantification.txt	a0494142-66db-42ab-85bc-8208fdeecf32
TCGA-99-AA5R	7a876e30-819d-48ef-88d3-71d7d193227c	1	069a358d-09bb-45b0-a5d5-b57571aeec5b.mirbase21.mirnas.quantification.txt	09e58129-ae1e-417e-b685-5b07478eef0f
TCGA-55-7903	7ad9aa49-965b-4d58-b44a-da04c46befef	2	5ee1aadd-029d-4ab5-85c1-fb10f4299884.mirbase21.mirnas.quantification.txt	6bf17a87-4855-4550-918f-fe15316c4038
TCGA-62-8399	7b9e9d96-b56f-4423-a873-4022c4c05070	1	b31650ff-79b0-451b-a7a8-c0be784c0280.mirbase21.mirnas.quantification.txt	708cafc2-a229-4a4d-9511-fae0ff4e4626
TCGA-50-6597	7c7b8c42-47c2-4106-880a-dfd0cb53b3c2	1	1126aa95-5317-4b8e-b15f-dc549ed959d3.mirbase21.mirnas.quantification.txt	7eaa9e84-2093-4af6-9e41-9e6e913b7428
TCGA-50-5941	7c7d3aa4-4b9a-4ecb-b2ef-9b4d5a14f1f8	1	ce379de0-5f44-4055-8048-4c48b45504cc.mirbase21.mirnas.quantification.txt	54fc1d62-e642-4a79-89c1-86c78a968da8
TCGA-78-7535	7cea834c-eed6-440c-bc60-b4333d867606	1	766b186c-fde6-4f3b-9989-475285614978.mirbase21.mirnas.quantification.txt	3c0fea20-cbb5-416c-a943-c105da06a1c0
TCGA-78-7143	7d681677-05d5-472b-a969-5c6840e86ca3	1	676c50b6-de5b-41f1-9b61-72161e844bdf.mirbase21.mirnas.quantification.txt	323b9cb6-132c-4ed5-8612-335ae8cc208f
TCGA-91-6849	7ed5c3fe-5e5b-45ed-b873-5c333f641422	1	9692278e-21e3-48ce-b642-02a7cd12a028.mirbase21.mirnas.quantification.txt	b12cf784-3971-474b-9faf-3dd0639a8248
TCGA-L9-A8F4	7ed86aab-7dc1-43f9-97cd-10209409955c	1	b86b9b6e-eb56-49b1-ab40-b5610e90d5c4.mirbase21.mirnas.quantification.txt	066bb8af-5b7e-4848-88ac-e9ec602251cc
TCGA-97-7938	7ef431d8-0ce4-4b08-8eff-c3e4e1254cdd	1	99f3c12d-096d-4109-8b68-0436b23f15fd.mirbase21.mirnas.quantification.txt	b475190a-a15f-4bba-97b1-867578e3a50e
TCGA-55-6972	7f1ddd77-50ac-4595-a104-fdbbaed434dc	1	0d7b629e-468b-4361-9ee1-9708847b1293.mirbase21.mirnas.quantification.txt	c00969f9-b7b6-4c60-b637-0a6942247594
TCGA-50-5931	800ae507-ede3-4a23-a8b0-ad96ac7be953	1	11dd5c35-9d3c-4dac-a9d5-13c33c477c20.mirbase21.mirnas.quantification.txt	e92d06f6-d87f-4db6-acc4-44768f03f61d
TCGA-L9-A444	800cec1e-51c4-4923-9474-b4c20538f06d	1	f9ebf04d-77a8-42a4-a824-354f3fb06521.mirbase21.mirnas.quantification.txt	4eb24cc3-3a58-4827-b1b1-1395ccc1c006
TCGA-35-4122	815169ea-4cca-4fed-8c0f-b04b86942fd9	1	f234ef37-3cd2-4bff-8bc0-a6ba58aff7a7.mirbase21.mirnas.quantification.txt	db9f7bdb-c8f4-42ef-bf12-8cf510724bad
TCGA-97-A4M6	81be5eaf-0d78-4927-92b1-799cd1ba0490	1	f9146965-388d-4917-8752-e9d39649c050.mirbase21.mirnas.quantification.txt	d909e31e-1da7-4ded-8118-52f243628304
TCGA-44-2656	82a7b49d-8df5-49dc-a573-074ab9238370	1	91770d37-3335-4c4d-a16c-950c12bc18d2.mirbase21.mirnas.quantification.txt	55c2f0c9-747b-4b1a-a84f-221f84898531
TCGA-55-8513	82b7b19d-162c-417e-b38b-d1ac77a4969d	1	b53d253a-e416-4bcc-8c75-a994229d8de7.mirbase21.mirnas.quantification.txt	fe403501-ae4d-4442-a492-90ac5f6a9538
TCGA-64-1677	82dec359-0b25-456f-bf4f-f01747ff53a0	1	b8459445-a84e-4328-953f-476fdc3a1c81.mirbase21.mirnas.quantification.txt	5d17abe9-4442-49f9-ba36-9138f109bf94
TCGA-86-8074	82fe0f6f-4271-4753-b512-cd97496c7572	1	b040c5ae-c2bd-42cc-b94f-784d57ecbfaf.mirbase21.mirnas.quantification.txt	66b51f55-a618-4a80-962b-f9a0eb393583
TCGA-95-A4VP	847a9a26-5c68-4b87-a048-34c6b83456f9	1	a7bae2eb-334b-4798-a590-042d5ef5514f.mirbase21.mirnas.quantification.txt	82472f24-d888-4e8c-94b4-f5e36e3addc4
TCGA-78-7147	858da8ac-115a-4009-a189-c7dee6e96093	1	70308338-9f2c-4592-986e-9b089bed8f3f.mirbase21.mirnas.quantification.txt	d6ad8e26-a755-4ed7-9d3f-adb0fd809b82
TCGA-75-6214	86299d6c-f27a-48db-b096-8db40e753b03	1	0988bd9e-3c61-4796-a369-c7ebf840cc95.mirbase21.mirnas.quantification.txt	9281cf09-064d-4c4c-af88-dddbd9697ecd
TCGA-05-4427	86f610a9-11a7-4d3e-9852-78b78aabfaf6	1	c491fbdd-5b99-4914-87d5-74642d77154c.mirbase21.mirnas.quantification.txt	bfbe6e16-3e20-4be3-b1f4-7b44aa036f82
TCGA-97-A4M1	87a78e21-7753-4ea2-96af-fab7550f5f54	1	f4087ba8-85c0-4c70-9c6f-70c790a46b19.mirbase21.mirnas.quantification.txt	99ef8cbf-3f49-455f-ab15-837a3810f254
TCGA-95-7562	87fbb30e-7fac-46ba-b8b8-51548466c50c	1	a2a92fe6-3b0e-44aa-8c51-40fb27ec50a2.mirbase21.mirnas.quantification.txt	1d31320b-e4d2-4b33-adb2-98bea396a31c
TCGA-MN-A4N4	882dc6e5-399a-457f-aa42-5db608f3ef71	1	49d56cba-70c8-47a1-a890-9784ccfbb156.mirbase21.mirnas.quantification.txt	00537534-e079-41dd-8cb9-ae1b0a27ad24
TCGA-91-A4BC	893e6e2e-60ef-4e36-a8a7-cf289211a5d3	1	3e8a63f2-6363-465e-be47-d52ee00ab7c9.mirbase21.mirnas.quantification.txt	851262fa-cc03-4d49-93b1-95d30836b445
TCGA-78-7542	8a26ee58-983c-484d-b8ca-1064feea283d	1	4ad5bf21-d9ad-4be7-a6f5-a0e8dd4095da.mirbase21.mirnas.quantification.txt	2a367699-a322-4084-8f7f-1ae813be4af2
TCGA-78-7155	8b27ded7-8f20-4c2c-8e0f-5db33c10bd0e	1	2409ea25-afdc-4084-8896-827f54ddce19.mirbase21.mirnas.quantification.txt	8d416f21-90e1-4f28-a9a5-f500b4be84c8
TCGA-MP-A4T4	8cc6d442-d11c-4f27-8964-fd94c071a847	1	d36aa33e-9c39-4635-9123-4a0ef8d6ccfa.mirbase21.mirnas.quantification.txt	5c6f4a37-aa53-4bce-9578-0486745b86db
TCGA-69-7979	8d4f8237-dcf0-4397-b118-6387375dfc93	1	d7b79fb1-a2cb-49a6-b191-0fa0456e40f8.mirbase21.mirnas.quantification.txt	2893c120-ee91-404a-b659-ed912a5d522c
TCGA-95-7944	8dae6fc0-423e-4df3-8d72-cd15c4629c6f	1	7bb27b9d-cd25-4ad2-9d78-0bbfb61e4458.mirbase21.mirnas.quantification.txt	cd7e3e4a-6f06-492f-a72f-a9cf01df68c3
TCGA-44-8119	8ee433e4-1a3d-4c57-9fbb-e6093792e277	1	df1f2f4e-6eb0-4c56-be6f-a7ef2721622d.mirbase21.mirnas.quantification.txt	9c0073e4-1a03-4414-8b82-e21910142cb4
TCGA-49-4494	8fd10531-b532-4b00-83e7-03fb5ac3ed5c	1	de982c0d-24df-4960-8aab-20205736b09f.mirbase21.mirnas.quantification.txt	b3397420-c2bf-489a-90ad-f8850f9844e3
TCGA-MP-A4TA	8feb88b4-35cb-45e8-9b43-095bc2cf1a5c	1	ded25808-29de-4486-850a-d026ac0ea2e2.mirbase21.mirnas.quantification.txt	a1be0bcf-ab1d-4c3c-b335-52a4d6c1b18b
TCGA-67-6216	90734f3a-39a3-467d-a282-c8dd47fee421	1	994de651-0a52-4c90-a002-2de38d47b9fe.mirbase21.mirnas.quantification.txt	75507988-fd44-467d-880b-641840a0e8f1
TCGA-91-6835	90c51069-913b-40b7-aa49-87d7c83f8da0	2	78ec4cda-26a0-41cf-9bfa-1e69ae2beab5.mirbase21.mirnas.quantification.txt	d7643917-42c2-4492-b60d-e9584a93de42
TCGA-50-5935	9117a026-aa52-4e30-8a12-2f390b27c5b0	1	457eb90d-9827-4986-bcc1-053d0a4d43b1.mirbase21.mirnas.quantification.txt	e121bcd2-6561-43d5-acc7-13c4a2317445
TCGA-05-4384	912eed47-116e-45ff-b84c-62737518cd7c	1	0bafd6a7-7c97-47a1-b9d5-feb79d1f4b6a.mirbase21.mirnas.quantification.txt	5cf452b5-d6fd-4f9c-93b2-4fcc7fcbd5f9
TCGA-55-6980	916f8b6b-aed8-4b59-b732-d69c6de026fa	1	871862c9-2fb6-46f8-9d19-1f874901a3b5.mirbase21.mirnas.quantification.txt	8e540107-7469-4464-a81f-7ed99ef27313
TCGA-05-5425	920d5952-c102-47c4-9675-6340de8afae5	1	6707ec34-37ed-48f7-8822-66f174a3424b.mirbase21.mirnas.quantification.txt	dab7c1ca-5e24-4f93-a080-f8dca655bf5b
TCGA-L4-A4E6	935ae2d6-8d26-403d-bb51-9ca88f98a7ce	1	ac1a48dd-79fc-4081-a3ea-3fb926db043d.mirbase21.mirnas.quantification.txt	b3e28b6b-ebac-4033-9d05-5e4b897aecc5
TCGA-95-8039	938ded10-d1bd-4193-b84d-db1edc531ee9	1	de0a3e50-4473-4d79-93bc-811317da98d7.mirbase21.mirnas.quantification.txt	87e8747f-7418-4da5-9db6-c5260c9112ea
TCGA-50-5045	945660a9-42be-4a69-85e0-9ad225dede54	1	44320586-49db-44a8-b309-ce0b956af6fc.mirbase21.mirnas.quantification.txt	f12ecc7e-7956-4ca0-91c7-6ebb03686953
TCGA-49-AAR0	94b166f1-20a3-4903-a18a-47497346635c	1	d4bd5ebc-ef30-47fa-af3f-3e5125ef8116.mirbase21.mirnas.quantification.txt	940b0e6c-0a59-438c-a3b0-1cd7be29fbb3
TCGA-05-5420	95012386-f294-4b7b-b7de-d21e2eacbcb1	1	7033c363-52fc-4ab5-acbf-a0d367bfecc6.mirbase21.mirnas.quantification.txt	069b9873-fac5-425a-bc75-6e362eccef7e
TCGA-97-8171	954c7993-418c-4562-821c-9eb4db6fb5a3	1	5508b449-cf2f-438b-928a-e50fc7a05b43.mirbase21.mirnas.quantification.txt	d07c61cc-a217-4e6a-ac21-d4feaea1c42b
TCGA-49-AAR2	95fa7fe4-a338-4129-86e8-f4caf2bed92d	1	69fdec0f-ea1a-4495-91d2-f330c645af30.mirbase21.mirnas.quantification.txt	09106db2-4b23-494a-9418-cd1afeddea62
TCGA-99-8028	969012ed-1fc6-499b-b4d3-4e286aabbf13	1	4883afa4-837c-482d-a1f2-6bfc35d49c47.mirbase21.mirnas.quantification.txt	f5e4512e-82ce-4cfd-85a6-1fc310f7f8ca
TCGA-55-1592	97874eb5-7f14-4b90-9a03-3f455172eb56	1	3e38bcf8-f971-458e-97ee-cc3b6e9d71b0.mirbase21.mirnas.quantification.txt	6445b126-03f3-4c29-8f5e-5dc7aa23a568
TCGA-44-A479	978810d9-ed8b-4032-9c6c-47264bffb0f1	1	72ff3991-dabc-49ae-af7f-2ee98cc67ba5.mirbase21.mirnas.quantification.txt	3ebf082f-7c26-44ab-8ebf-264ec513d40d
TCGA-55-7227	978bb094-e5f1-4ab6-8256-6a093d3f1b97	1	1d832e5a-9da9-4ec2-b761-9854cf72aeea.mirbase21.mirnas.quantification.txt	87016a8c-5d37-45f4-a39d-66a7c0549a02
TCGA-69-7760	97ad1af5-5e58-4908-bb49-16a20d0f7f3a	1	cb2846ab-d8f1-400b-a885-b66650162430.mirbase21.mirnas.quantification.txt	5b82e363-c089-4a5c-9e1d-fc7a18127f8a
TCGA-S2-AA1A	995f6789-f7e2-487a-800c-6dbb36a35495	1	1ed75de7-5314-4887-8fec-2d806c996e6f.mirbase21.mirnas.quantification.txt	fac57ada-739d-4782-bf56-5e8262682fcf
TCGA-78-7148	999e9290-f814-409d-a4cd-78bd916c5359	1	05417b04-aae6-479f-b564-0f5634180b90.mirbase21.mirnas.quantification.txt	b1cbaa13-ece7-4bdc-994e-ce5bc1b902df
TCGA-44-2668	9a5b78bb-cfd6-4f43-853d-258a6fdef278	2	dfc2507b-2fab-4a95-8a7f-7b1115d877ef.mirbase21.mirnas.quantification.txt	213dce69-e10f-4ad2-b933-d1ef06c683b5
TCGA-64-1680	9a688f9e-78ac-4ef3-8018-0d0d7bcd8db5	1	687d6f76-398d-4bf4-a914-29975a9b1f18.mirbase21.mirnas.quantification.txt	2fc69895-3ba3-43d0-b39e-c41fbbb13438
TCGA-50-5944	9b891c5c-5b9f-47c4-81f2-89da98bb2941	1	22f30034-3e14-4dc4-ab60-e05dc4b9b39d.mirbase21.mirnas.quantification.txt	fca8aff8-e449-4c2f-bda0-82f40271d7d7
TCGA-44-3396	9bb510ea-af13-42fb-93a1-dba0da1e6f3b	2	5f0feb17-4be7-4144-9625-423d89eae22d.mirbase21.mirnas.quantification.txt	077c2ca3-a580-4798-b361-e7ea2b207b43
TCGA-05-4415	9c740043-d02a-412a-851b-cfcb625e04c4	1	3befce99-d1e0-4420-bd5d-7cdd3e8db66b.mirbase21.mirnas.quantification.txt	4f93ca69-66f0-4b23-8a30-1aa26aa27bfd
TCGA-05-4249	9c8d605a-476e-4bf3-9567-9dc9a0c12f30	1	24a4c436-eafd-40e8-8a33-08e465c197ec.mirbase21.mirnas.quantification.txt	e85cf61d-a71c-4e7c-a2c4-ee9c76fff9d8
TCGA-75-6212	9cf153ee-627d-4cd7-93e2-1bb64b558ccb	1	cefc0de0-beb1-4322-8a9c-0ecef62a980d.mirbase21.mirnas.quantification.txt	6398d3f9-696d-4dfb-9cd7-4a5b8caf56f7
TCGA-97-8547	9d3d04ec-ee60-4b7d-ba9e-ada514059616	1	aaad49e5-7cbf-4833-bcd5-b8b974aa9620.mirbase21.mirnas.quantification.txt	0cc8f94e-b2d1-4db0-8a59-834ebde42fd8
TCGA-86-8672	9ea1cd5d-5c4e-44f4-990d-edd6a93a0e96	1	90e38936-110f-47e0-bee3-c03a47bdbd14.mirbase21.mirnas.quantification.txt	74fa99a5-b30a-4ef2-8e2f-8e2847e3e120
TCGA-44-2666	9f6cff74-fee3-43a7-8b6b-0ec08ecc0939	1	33239bf2-49f3-48d4-a5f4-a17e9c4a1b2d.mirbase21.mirnas.quantification.txt	7bfddefb-67c0-4913-ad6e-2fcafa43575d
TCGA-05-4434	9f9c0ca0-fea0-4e94-9002-4eab2fbdab5c	1	612eb3e6-3a85-424a-b6be-c121c80499f0.mirbase21.mirnas.quantification.txt	0f5fd966-6420-4f9c-a216-f93f41821929
TCGA-44-2655	9fd2c7b5-c166-442f-bace-fcc97604d7bc	2	92b25422-ea11-4b60-bc35-e86c0d73db9f.mirbase21.mirnas.quantification.txt	80d77222-2f22-44a2-a54e-93c38db0d94f
TCGA-78-7220	a01a82c0-4eca-4e51-a58e-a15e15effcdb	1	f2191dc4-2f53-45b1-8fb7-cd9b5d47d9d9.mirbase21.mirnas.quantification.txt	e4f455a3-59da-4fdf-802b-b038d582e8d7
TCGA-55-6985	a085eaf7-b0af-4c76-bdd3-7ab187ea0989	1	82d9b15c-fe2e-4126-a538-4a9d4695ac9c.mirbase21.mirnas.quantification.txt	3c3a8f79-e4b4-4306-b562-723c17a54138
TCGA-86-A4D0	a11c3de0-e984-4548-b514-7b0b4f559da9	1	02256a7c-f2ee-4793-8ba1-845169defeae.mirbase21.mirnas.quantification.txt	95be2c66-21f6-45b3-a546-5b5ab38a9552
TCGA-50-5068	a12b2c09-109d-4e12-87f0-cc48a18d082a	1	12d283f4-d513-49b2-9887-3707ffbc3d4b.mirbase21.mirnas.quantification.txt	6ca7160d-11eb-4ec9-b20d-f979822b0d7a
TCGA-62-8397	a1723852-56dd-4a45-b2bb-58ab6a10c861	1	ec758796-1248-4cf5-9788-99aea11834e9.mirbase21.mirnas.quantification.txt	6b3b9051-586b-4d46-a056-f36fc5b30efd
TCGA-MP-A4TE	a18e0172-951b-467b-ae5e-bd37abeadb9f	1	63ddf182-d8df-4a46-9231-6090272d2afa.mirbase21.mirnas.quantification.txt	eb73f062-1fe7-484e-ab22-856d2fd936ad
TCGA-55-7573	a1b8e851-b76c-4719-b923-e17b39ee0b0f	1	718213cf-ae83-4007-9a51-9475249fb596.mirbase21.mirnas.quantification.txt	df8d69a8-4786-4c1c-a83e-08a9728705c4
TCGA-97-8172	a2136793-ee53-49f4-b4b4-6802ef360125	1	0791fcf6-698c-4bd9-8529-04a84c7f7dbd.mirbase21.mirnas.quantification.txt	8292a199-ad3e-4a6b-a215-f9015998c603
TCGA-99-7458	a281f9e9-4962-4b82-a6af-cc4acf07ef62	1	10d7b454-1968-4e9f-840c-cac49da2c521.mirbase21.mirnas.quantification.txt	28379dd0-a586-4013-86a7-3770f4d3515c
TCGA-44-2665	a314ea2c-5bc0-4b07-b4c8-9fcafd9acaa8	2	3e2478c8-d006-4546-9a5f-a9e6489d2f1a.mirbase21.mirnas.quantification.txt	bdff34ce-f6cf-4906-a027-1533e1f3711a
TCGA-55-8097	a3feab0c-1088-48c9-8282-a375fe67d745	1	dc15de49-9491-4c31-8965-ce8e81f68bbd.mirbase21.mirnas.quantification.txt	81f4e9ad-1caf-45a8-bf54-505061f52565
TCGA-78-7153	a4794907-a6f1-49ce-9ce1-f547fd10e52f	1	c302ef49-472f-4d8a-896e-490bd7b57c82.mirbase21.mirnas.quantification.txt	1888d16e-1d23-4a37-b6b9-9dd43a3c0d1d
TCGA-44-5645	a4de9081-57bf-410c-8db5-bd9a2060abb0	1	23b71f6e-b11f-4536-a550-ea5c81ffe48e.mirbase21.mirnas.quantification.txt	ced191ed-5327-4cfb-aca9-98ae929dabaf
TCGA-55-6642	a557adfa-e387-423b-83cf-848b7688202c	1	1caf2d0f-cbf7-4054-93ff-5815efaeda37.mirbase21.mirnas.quantification.txt	1c5f1e8f-e9e8-4cfe-af57-57b7618938ca
TCGA-93-A4JN	a62bfc9d-0b43-4ffd-80c9-df582c23a5b8	1	a794989e-0c44-4629-9810-786e43427e4e.mirbase21.mirnas.quantification.txt	344d4c93-d5f0-4e7e-9b7c-76fc6e5fa756
TCGA-35-3615	a69bec7d-6ba6-4b11-96f2-30b8775ece96	1	3df21443-30a9-4f0e-b0e8-a65c36e41bf5.mirbase21.mirnas.quantification.txt	5927dd98-ae60-4a8a-bb89-502b8d70bbf0
TCGA-55-7816	a70be23a-19be-4565-b3ba-e2b916344174	1	af29b644-b3a8-455b-9f07-b956d41f6ec4.mirbase21.mirnas.quantification.txt	00c46e8b-f303-4d20-bd6d-d650c36895f5
TCGA-38-A44F	a72bba69-ce93-423b-8aab-8146d31e909d	1	e5a63f4b-d39d-476f-a3e6-81f8249fe85a.mirbase21.mirnas.quantification.txt	b2f54d8d-55eb-49d0-96ee-d4f9412b7b5d
TCGA-55-8616	a811e4bd-d1d5-4a97-bc7f-899906c7f145	1	20572764-f33a-4fe9-8cc8-b5c7a2a3a0a6.mirbase21.mirnas.quantification.txt	2b7d56d6-70cc-48ce-a17c-1abc9d2fdff6
TCGA-75-5126	a8572571-a309-4d0a-a1ad-f4fb5ec072dc	1	be87b64e-ad87-4134-8b08-63b6282a755a.mirbase21.mirnas.quantification.txt	999fc5c7-fb8b-4972-bdac-eade7890d403
TCGA-86-A456	a85bb2b4-7d7d-42df-b1e1-8c6f3c643c1a	1	0ecc1e6d-75f5-4935-a0c5-bf8413dd85cb.mirbase21.mirnas.quantification.txt	10817636-3e16-451f-8cc9-4e3e1e0c2fe4
TCGA-05-4398	a89f3d00-8976-407d-ac6f-eec54f8d4510	1	fc594f9f-85a1-4607-8865-31531bdf2594.mirbase21.mirnas.quantification.txt	e4dbc200-9f4d-4978-afda-fe24d4602928
TCGA-95-7947	a96d31d3-b328-4605-8577-4d51198c5b42	1	5c9a0420-521c-4b58-9dc7-0e0a0a671e7d.mirbase21.mirnas.quantification.txt	24a02713-39ef-49cf-b683-0addbef8b543
TCGA-NJ-A7XG	a9e75037-92cc-4042-bb1d-2847e9ca2f5a	1	3ec4c0b1-2874-4bb2-9777-a33c986d3a07.mirbase21.mirnas.quantification.txt	4047d019-8b33-4637-9a8a-89fe0f205bb9
TCGA-78-7154	a9fee4cf-128e-4a73-8d30-098bb9645f85	1	e7332f84-65eb-44bf-9d64-4775dfc6b0fe.mirbase21.mirnas.quantification.txt	9060d59c-abe0-4ffa-91b0-88325b32f484
TCGA-55-8620	aa04908b-4a5b-48af-9391-4853b6049d06	1	a0fcfa26-49be-40f3-9d9e-b8a938ed8c1e.mirbase21.mirnas.quantification.txt	3798bc64-ecde-4524-973d-9adbc9f21fd8
TCGA-44-8117	aa7ae4b3-30ab-4235-b760-6d0fa6facc66	1	2c0ff685-f2c8-4fae-ab12-d69f888db2cf.mirbase21.mirnas.quantification.txt	8b51d336-24c9-4f51-84b2-2e9d22fb151b
TCGA-44-6146	aafa370d-14a8-49be-a997-3c82b707ac87	3	be1adfd1-db23-411d-97cf-2f4e03cfac9e.mirbase21.mirnas.quantification.txt	65bcc591-4a45-442c-a2c3-16e0d034a512
TCGA-44-6775	ab596078-5b5c-4193-95fb-519ee8aa7f6e	3	00d98548-c721-497f-970a-10290db0d494.mirbase21.mirnas.quantification.txt	05a30195-48d9-4a34-9bbb-8061cc03831b
TCGA-55-6971	ab93f0f6-d381-46ae-9330-b5c20e4abcc5	1	666f2619-6de9-44f3-9855-47d8d76a242c.mirbase21.mirnas.quantification.txt	4ba26854-e60e-4434-8cde-ad6a702b0e4c
TCGA-35-5375	acf73b54-53c7-43fe-8e1d-1dfd11061b07	1	d51ad5c8-3d3a-48a5-8db1-5ad75fdb42e0.mirbase21.mirnas.quantification.txt	87562c8a-b645-4d2a-8283-8ddb5e245e83
TCGA-MP-A4TK	ad35df24-9eda-4a0e-a2cb-ac0d75f98368	1	424d5e55-9772-48ef-aebb-7c69cd6b0554.mirbase21.mirnas.quantification.txt	24a002e0-3d28-49e6-b8b9-33a098ad4aca
TCGA-44-2668	ad6b4f3c-6370-47b2-8c49-b274d91ff618	2	dfc2507b-2fab-4a95-8a7f-7b1115d877ef.mirbase21.mirnas.quantification.txt	213dce69-e10f-4ad2-b933-d1ef06c683b5
TCGA-55-8510	adb2a033-cde6-4f81-9d29-22308b7d0abd	1	fd8137e0-9fe2-4480-996b-d5b787cc5e1d.mirbase21.mirnas.quantification.txt	1dc1a244-181f-42ff-a94f-5d3d7e809258
TCGA-50-8460	ae6d4635-cd64-4d9c-98e5-e5bbf52ba991	1	0d90613c-3d5b-478e-84d2-e4c20c6c7804.mirbase21.mirnas.quantification.txt	30848026-1c30-4759-9d49-d394aa03e370
TCGA-55-7728	aeed8384-b92d-49ab-a838-233225dfb3bd	1	a671bc64-ca3d-4602-a4c2-8aeb04d8ec1b.mirbase21.mirnas.quantification.txt	c8920340-a0f3-4d76-8245-be7922064440
TCGA-55-8089	af60ba0b-7e21-4610-a24f-d10b76983621	1	ab9a2346-939f-4dea-ae9a-bbdb39e331b1.mirbase21.mirnas.quantification.txt	0e109327-0a5c-47ce-8bc0-ccbde85cf8ec
TCGA-86-8674	afba25fb-e682-4eda-8eca-d6b077ec18bb	1	83a03a9a-2cb2-4b35-bc80-b4c422ae7ccb.mirbase21.mirnas.quantification.txt	c893ee1c-45c3-4b03-9a2a-b47e0f840ab9
TCGA-NJ-A4YG	b017009a-7cca-4c2a-9727-d4cec55ee23b	1	35eaeea5-d89c-46fd-8a4b-f979bc3e2ae0.mirbase21.mirnas.quantification.txt	5fa58573-7e72-4553-af87-7c9bcb185368
TCGA-44-A47B	b0ea806a-7060-47e2-98a9-44e823092493	1	819b4599-1bc1-4799-b63a-7258c64bb6f2.mirbase21.mirnas.quantification.txt	f0b4c42f-24d6-40a4-9e4a-0bca8452e0d8
TCGA-64-5781	b0feb1c4-a349-4128-a4aa-d98ea7ac8ffb	1	6a6f20ce-cecf-42f2-8206-77e5a021496d.mirbase21.mirnas.quantification.txt	8eea7d6a-5c49-4fce-ac58-d9cb0e3fa92c
TCGA-44-3918	b136212f-71e1-4cd9-9e8e-f0ac36f5c02e	1	2906ca67-74c0-4944-847c-54d25e7dcb87.mirbase21.mirnas.quantification.txt	e17914b4-782c-4a08-9100-caf9286a3fd4
TCGA-86-7954	b2809ac6-147f-44f2-b11e-9d55a96dd563	1	ab2c8d52-9d50-44f0-ae60-074220d19b78.mirbase21.mirnas.quantification.txt	ee10486b-f121-43f6-8533-b40420dd239e
TCGA-97-7553	b306307c-34a8-4b81-a381-f5bbf5b44cea	1	c768ee71-b97b-4e10-ae84-5643b72ccbb1.mirbase21.mirnas.quantification.txt	73f19413-499a-43e1-b358-b52b07339990
TCGA-49-AAR3	b34c03c7-64ee-45d1-8a1b-dc8de290b0d8	1	ae5ddb8d-ff9b-4707-b6aa-df7b3292ae44.mirbase21.mirnas.quantification.txt	cba7cb48-eb79-4836-83a4-9977fd941133
TCGA-78-7166	b387f364-578b-413f-9e6e-83f7afb26ff5	1	e4a8f529-1820-4d7e-b700-0466410efc91.mirbase21.mirnas.quantification.txt	27c6c858-77f9-46e4-ad64-86910da79770
TCGA-05-4420	b3ca1e7a-b15b-45bb-9410-a57c2cd48602	1	88f4ebd6-2bd0-4bed-bf1e-34883999c5ec.mirbase21.mirnas.quantification.txt	e8a18a07-1fd6-490e-a9b9-76def9329e8a
TCGA-55-8506	b417bf8a-ea1c-43a3-ba81-a4394ddb2c2f	1	12259072-a244-4d24-baa6-b1df102099d3.mirbase21.mirnas.quantification.txt	64c57b8d-885b-46e7-8d50-22a59670a8e4
TCGA-55-6981	b418bbe2-aa91-4b09-b5d4-516c781a368d	1	0343b3f6-c59a-4562-b833-4a7b83357e51.mirbase21.mirnas.quantification.txt	434b15f7-52a1-4730-af14-f7359980b6ff
TCGA-97-A4M2	b4776621-855c-47be-8484-b5f91f1585f9	1	dc60267b-08e0-4a6e-b9f0-cd4b0d4a6c8b.mirbase21.mirnas.quantification.txt	c7208c05-6a81-4066-a508-19c6f990cba2
TCGA-50-5932	b4a7593d-780a-4fa2-9d75-532a6b9ff129	2	bda7b530-af0c-4358-b939-13655eb9ff48.mirbase21.mirnas.quantification.txt	2e83bcf1-5488-4b37-ada5-4e93673c1049
TCGA-86-8673	b4c41702-4d85-47f7-b0af-d8704c863719	1	42b6138c-e127-47ef-9f66-08171787eeb3.mirbase21.mirnas.quantification.txt	df0cae11-85a9-4bc2-a267-1e177d3f390e
TCGA-55-6978	b5206dc2-c8ea-4b06-869c-ea0663e43afa	1	80ba5897-8a92-4c15-affd-a78c9e1d5f2a.mirbase21.mirnas.quantification.txt	e655bf71-2d14-4595-b984-53efaeac4d65
TCGA-49-6761	b5569562-7bd4-4220-9a08-ca32e963754d	1	ac82c832-6f4e-406b-8754-4aa680f37bc6.mirbase21.mirnas.quantification.txt	832f3ad5-3b4f-4d8b-b1b8-fb74ba75ef50
TCGA-50-5942	b5f5173f-9aa6-4e1a-b176-851c80c5068e	1	a399108a-1498-4a36-9d1a-18aed61b44d4.mirbase21.mirnas.quantification.txt	286115be-ab1c-428b-b12b-330c9c0c3592
TCGA-97-7554	b60f4678-c0aa-455f-893d-742e42807360	1	1b63d1da-3ff0-458b-bbd3-6235eb7a0021.mirbase21.mirnas.quantification.txt	149e06c2-52d5-4fc6-90ac-b4787841ae8b
TCGA-55-6984	b65c6b1a-01ca-4fe2-8ba7-e9db8447a81a	1	78f69a9b-8fd5-49cc-be66-ebbc8e35ace3.mirbase21.mirnas.quantification.txt	aef903c9-c081-4ff2-bda9-9b7791db2ca4
TCGA-95-A4VK	b6b11f6d-a9b4-4d62-b922-f23e29ee1e31	1	0c0dabce-090a-4094-b111-211b0b543c5a.mirbase21.mirnas.quantification.txt	0cfa3b15-103c-47e5-b3b7-f4fa62823137
TCGA-67-4679	b6bd3326-1299-4f80-84ee-41336cee6447	1	200fd26c-3340-4eaf-aa10-d66f9222739f.mirbase21.mirnas.quantification.txt	a8cccf0c-7d0f-4415-974a-b50a3d6c7f6f
TCGA-55-8096	b76722e2-2c26-4d8e-b31d-70d5f2b2f82e	1	a0b4f601-ad55-4955-b3a9-78e8797b2ad0.mirbase21.mirnas.quantification.txt	8e01f51f-2f44-400e-b865-552f99b8c4e7
TCGA-75-7030	b8144f5d-764f-45f6-bae9-ace0cf40b974	1	f0b2d3da-f41b-4cf4-8532-a26755c293c0.mirbase21.mirnas.quantification.txt	f6992a2d-b419-443e-9a27-b549ae4dea90
TCGA-J2-A4AD	b823fba0-daa2-4b84-8665-17edaab59e71	1	ea2dbc5a-1959-48f0-8cdb-878a332bc9c8.mirbase21.mirnas.quantification.txt	33ece7b7-3bee-4df9-9bf2-4b35817bbfa8
TCGA-44-2661	b854dcef-2d6a-407c-8df2-4a01dcf612e1	2	be90c334-4caa-4d97-95cc-f5f4f8208b50.mirbase21.mirnas.quantification.txt	abf0f4db-5927-4c29-bbe8-07ea4c96502e
TCGA-MP-A4T7	b89c486a-900a-4218-9417-d63791ae8439	1	85532c3d-6ab6-4e71-b3ac-31bf0e9f248c.mirbase21.mirnas.quantification.txt	e85fb1a2-86ee-494f-9fd6-77fa6992d107
TCGA-MP-A4TD	b961f424-86c8-428b-bf54-4e7c41579cf7	1	901303e4-35e2-47aa-86b9-a5cb36922680.mirbase21.mirnas.quantification.txt	f9935cb3-b741-446c-820b-218c2f2998a4
TCGA-97-A4M7	ba54162e-9a85-418a-a27d-80f3dcb7c923	1	299d0d2a-db91-4921-9a86-42248c100971.mirbase21.mirnas.quantification.txt	29c24f90-f185-4d04-8be9-645635602e19
TCGA-49-4507	ba8a6633-0876-45f5-a9b1-17e0fe19fe29	1	39d4718c-ce53-4fe1-8ed2-2756781f9d2d.mirbase21.mirnas.quantification.txt	cfafdec6-e5ed-4b91-bb53-03e59196df0c
TCGA-75-6205	bae38f13-9de8-4d51-80bb-856dded66d10	1	15cb60cb-b0ac-45e6-a52d-11a4cb3eeb6a.mirbase21.mirnas.quantification.txt	32642ef2-88b2-4fee-9501-1d3d5098541d
TCGA-05-4418	bce15e8a-6f1e-4e15-ba7a-f064ccb38ccc	1	efa9c92c-2953-4e09-ae54-b47ad9d02c53.mirbase21.mirnas.quantification.txt	177ef216-2e8c-4f85-badf-788aba705130
TCGA-55-8619	bce2cfd3-974e-4b92-b7d8-7c9f62d8a58b	1	46413345-7d95-4680-ae7f-5d7da532c7b8.mirbase21.mirnas.quantification.txt	b80267cb-f464-4443-97ec-64260bb11af2
TCGA-55-7725	be193e4b-e2d3-4615-882a-da48ba99941d	2	2b69daf6-7d09-4a7e-9acd-3403931c3ba1.mirbase21.mirnas.quantification.txt	66bbe663-303d-4708-927a-dafe6a67cc12
TCGA-53-A4EZ	be9f095f-88c4-4712-82af-0d674c98b222	1	d8a956de-aeb9-4b8f-826b-b52022e6c75e.mirbase21.mirnas.quantification.txt	908bd51a-ec9b-4d48-b9fd-0dd1260ff3ed
TCGA-78-7158	bf3def10-f3e4-4629-8815-e4a9f1bb5e95	1	162bb5a8-806e-4d6b-9083-63b06c61ec63.mirbase21.mirnas.quantification.txt	e4fbd352-6ae8-4e40-b9f3-377692b203a4
TCGA-49-4488	bf53559d-12ca-459b-bd5d-da4e5b876df4	1	2be20d97-9773-49a3-adac-e158839cd8de.mirbase21.mirnas.quantification.txt	eb4db615-425c-44c0-bd93-e9a82b6cd3cb
TCGA-05-4430	bf875f56-0d7b-4e5d-8f34-c67cb9428cfb	1	eb7a0e4c-4806-4b87-9df2-5b57118d4dcf.mirbase21.mirnas.quantification.txt	57a931ca-849a-412f-a9ff-0c6787b0bd61
TCGA-95-7567	bfba24cd-18e3-4bff-a697-80a1540fd0d8	1	6d1d3b8d-3c18-45c2-a35f-94de338fc1ca.mirbase21.mirnas.quantification.txt	e3615cd2-b0f5-4b83-b634-c688d86d6883
TCGA-44-2659	c07b6180-1785-4bf6-a881-faa169c66297	1	eb92eb5e-5d0b-4b0e-b0c2-7aa7bf999c35.mirbase21.mirnas.quantification.txt	91d09643-fea9-45a4-82d2-9ebfed446a88
TCGA-55-8512	c11586bf-45c4-4d16-9f80-09dd4594a181	1	502ab737-7e31-47ed-b0ef-f8e036457ef1.mirbase21.mirnas.quantification.txt	03463d0c-fed8-4506-b1b7-d5b9018df525
TCGA-91-6848	c171a754-b973-4d47-ae0c-19b2e2ca5108	1	681038cd-6192-4e8e-a85a-0c91510d8198.mirbase21.mirnas.quantification.txt	e1d4e94f-130a-459f-9b08-0a7acce18571
TCGA-73-4676	c1d3cd9f-f856-49ef-9db0-39e619095e95	1	c515ac5a-029c-4453-86cb-96da2ab9b714.mirbase21.mirnas.quantification.txt	700c1f71-84f4-4f54-af44-839f73f2d00f
TCGA-73-4670	c21834bc-5221-49ce-8634-a10a5effef9f	0		
TCGA-69-7761	c28c8f7c-9594-41d8-a52b-8ce092871ae3	1	79a1f665-4862-411c-a7f1-d43310707b39.mirbase21.mirnas.quantification.txt	0f6fd768-d21c-4be7-94bf-beb60f021c22
TCGA-55-A4DG	c2a2198e-46e3-46ac-84d7-152eb2803643	1	db4c4676-c94f-4514-ba12-d9eb5c8b1277.mirbase21.mirnas.quantification.txt	f010eff7-793d-461f-9637-0b7147ec8226
TCGA-69-A59K	c30f5358-067d-420c-a516-ae7880e8527d	1	089c5bc7-08b0-47c9-8ddd-e3c006e6b063.mirbase21.mirnas.quantification.txt	3eac86e8-3bb1-4ef2-8979-557afa68662f
TCGA-L9-A5IP	c423ff61-3ad3-487d-ba7e-bf8ebb299418	1	d5f25144-670d-489c-a183-2277bb7d415e.mirbase21.mirnas.quantification.txt	3adf7128-b03f-46ff-9657-9539b2d889b0
TCGA-55-7574	c4e26d99-1532-495a-aba2-2bcc3fc77792	2	fd609aaa-cce1-4132-b339-ea59263cf393.mirbase21.mirnas.quantification.txt	a75f5858-d87d-492a-bbd1-1feb4d2d9bc8
TCGA-64-1681	c5860232-abd2-4bbb-84d4-12c88b101e2c	1	e7e7a2ea-c506-40a5-b70f-4eb0c9494306.mirbase21.mirnas.quantification.txt	47e19d75-b91e-418a-992f-6d1749d38859
TCGA-86-8279	c5983e0c-5cb5-4440-b18b-fb4038505447	1	f692278d-a164-4645-b843-ce2bf6007a20.mirbase21.mirnas.quantification.txt	7a7987e0-4d92-46ba-a2e2-bd2c741b51bc
TCGA-38-4632	c787b215-c402-429d-a484-d9678ec2fcff	1	afe96ef3-dffe-48c6-babc-08d3ea751b0c.mirbase21.mirnas.quantification.txt	27021eee-7d29-4e12-9e62-94b26ba00a4a
TCGA-91-6836	c7dbb413-1f2c-472e-8158-6bd6fd69a77a	2	515fc037-6783-4940-9fde-1f9577b2a356.mirbase21.mirnas.quantification.txt	f8840ac2-9513-4bc3-8d2d-d97430de8bd9
TCGA-49-AARE	c8afdbba-ec32-4289-8893-6be495151e67	1	9eae7c0a-fb86-48d1-bc5d-cd77a93c03b2.mirbase21.mirnas.quantification.txt	5ce2e49b-2341-44ae-90fe-4266edaf06ed
TCGA-86-7955	c8c88de8-cf0a-4cef-ae97-6638b2fd0290	1	42b80c01-3f4f-4af0-bb6d-b5d5b49d8d9d.mirbase21.mirnas.quantification.txt	6f3f3424-7daf-40f2-924d-96e04e7d4ca2
TCGA-86-7711	c8fe657f-b0c9-4231-be30-090d485f037e	2	f4c7e201-e8c3-4f08-bc88-802007cc88a5.mirbase21.mirnas.quantification.txt	80801af8-99e4-4b7e-8338-e0fba1b1d5ca
TCGA-86-8668	c908223e-d41c-4d11-841b-da4dfc35c83d	1	298afe4b-7d00-4a31-bb20-120f228c6378.mirbase21.mirnas.quantification.txt	41e277d7-f206-4472-8619-f573af88cc9d
TCGA-55-A48Z	c99dd93c-f240-4244-8eaf-39252666f97b	1	88396e96-e44e-456c-9220-55fcdfd83a93.mirbase21.mirnas.quantification.txt	96c71e5d-1ebd-46dc-983c-626cea259b13
TCGA-55-8302	c9f2814e-acde-4b57-a153-33dfc50eda85	1	50ab4792-b16a-4e4d-a0a0-ad917509711d.mirbase21.mirnas.quantification.txt	06f18a3b-9e5d-42ee-beaf-92f76ca0d10b
TCGA-44-7672	ca0ce61a-cc46-4076-86e5-acac50490821	2	9167ab60-f09a-4de9-b827-91c282cd3ba7.mirbase21.mirnas.quantification.txt	bb12d881-e79a-4899-b260-ba4536e39668
TCGA-55-6968	ca57a7b9-b3f4-4174-acf4-0af44e52233c	1	c7400ee1-5f40-49e7-9d62-fedeb2999cf0.mirbase21.mirnas.quantification.txt	e75d09c4-15cf-45cb-a081-efaae4c31ca0
TCGA-75-7027	ca62082c-d5ea-4608-a438-cd0c918bf32d	1	0c28fb68-6372-4474-84ce-c2a01b697c2a.mirbase21.mirnas.quantification.txt	39be261c-f196-4d62-a752-d818c9f46652
TCGA-91-6840	ca8eae30-4b56-49c6-932c-27b673190c87	1	14b1c460-bdb2-44ee-881e-67669a0decfd.mirbase21.mirnas.quantification.txt	abb6f07a-ee9e-457a-a154-f270fa04a9b7
TCGA-44-2656	cc4dad28-ea6c-4480-a2c7-481ef5dc8f08	1	91770d37-3335-4c4d-a16c-950c12bc18d2.mirbase21.mirnas.quantification.txt	55c2f0c9-747b-4b1a-a84f-221f84898531
TCGA-55-7283	cc603c13-476f-4234-98a1-b26c865ce959	2	5c0b9478-30b0-4217-b5c1-14ae9bc54fdc.mirbase21.mirnas.quantification.txt	39b525ee-5a60-43f2-aeea-16fb79ee1be2
TCGA-69-8255	cc893b4f-c25d-4fa5-97af-f399bed9ac65	1	0fb7d288-5596-4615-ba47-d8228c512e9f.mirbase21.mirnas.quantification.txt	dd98eb64-3136-4100-9891-30308c72f176
TCGA-71-6725	ccf08842-c001-43be-b2c4-7a37499dcd18	1	12c55be3-f760-4ec7-9e69-a8effbfa9466.mirbase21.mirnas.quantification.txt	56b2cb5a-678d-406e-9268-4db96073c36b
TCGA-55-5899	cd6080f8-8633-4e33-b29b-0c95491d2d48	1	1e135b20-6f4d-419e-8eb1-7d81ea12b839.mirbase21.mirnas.quantification.txt	277e4fb5-5c03-471c-be1d-10fb93eab6af
TCGA-99-8033	cebde574-89a9-4d85-a778-b54a32af3d21	1	3d064976-8d4b-41a4-9fc8-52b12d23888c.mirbase21.mirnas.quantification.txt	578decc2-8a64-44c2-85c3-78c6c2251149
TCGA-78-8662	cf509fab-fcc8-493c-a1c3-bec899991904	1	0ffaa6ae-cffa-4c73-993a-9b937737b7ef.mirbase21.mirnas.quantification.txt	85d9ec0e-3e7c-4806-a0b2-5a3dde04e055
TCGA-55-8299	cf6a9f23-f09e-4162-9f6a-616e51c8c6f1	1	fa2ab0a0-e4b1-4717-9431-2a74b69982f6.mirbase21.mirnas.quantification.txt	e0d45044-536e-446f-ab2e-d964fe54ff38
TCGA-55-A4DF	cff4afbe-688f-4103-a4d8-e7a5c27628be	1	44b17a9e-73ba-4a61-8b94-e28a616637de.mirbase21.mirnas.quantification.txt	7d894639-ddd5-4bb8-8ead-d504149767a5
TCGA-49-AARR	d0b559f7-3e09-4280-8137-3adaddb56444	1	cc22f2ff-4115-4999-bacf-b118b0dd926d.mirbase21.mirnas.quantification.txt	54b6a7b4-4d2d-482e-abb3-fbbf92087cb0
TCGA-75-6206	d0cb7fae-f8b0-4f56-bbb0-b1ced83df2fa	1	51288a7e-214d-4c13-94d2-4968f661fc01.mirbase21.mirnas.quantification.txt	c5b02507-589b-445e-8263-7c3ba1d2a9dc
TCGA-MP-A4TI	d175ac90-472d-41cf-bf17-f8516b43e4c3	1	35b65134-1bef-4c64-8606-3df38c275dda.mirbase21.mirnas.quantification.txt	178f4382-cf39-46cf-9396-0ffc1772a177
TCGA-55-7284	d1c4bee4-14d0-4c0b-bf1f-a52e88ca418b	1	c4d68a77-5759-4084-b7d5-db5bb606f726.mirbase21.mirnas.quantification.txt	fe45ce94-e0c0-4196-b41c-0748a1cb83e3
TCGA-99-8025	d2057d64-3c06-4f7b-aba3-22c43aedf3a2	1	6308f034-7caa-4e71-8a85-63abbae57c32.mirbase21.mirnas.quantification.txt	bacce8f7-c25b-48eb-bf87-5c3a9de29652
TCGA-62-8402	d304bbed-49e1-4765-a260-b8aac5da1ae6	1	09b88587-a112-46d1-9551-d60154effdef.mirbase21.mirnas.quantification.txt	a67f978a-13ed-405c-ab5a-a714bda2af8d
TCGA-38-4630	d433d23f-b5ef-484a-a45b-198b747963c4	1	5aa5502f-54a6-415f-9299-670ec3d24413.mirbase21.mirnas.quantification.txt	0920f202-b741-49f8-8a5f-232d41e611f1
TCGA-55-7724	d5379598-42ae-489e-8335-73ee24974507	2	8bcc2c90-d3b9-48e7-bae5-2cdacab5a59d.mirbase21.mirnas.quantification.txt	0a5c12f9-09d3-47fb-b80e-14a09c5bbcf6
TCGA-50-5072	d5a92f59-e156-431a-9375-7f142196fe09	1	736f7d76-a7af-4d67-be9c-d7f94d568474.mirbase21.mirnas.quantification.txt	c678f47f-3de5-495f-9a5d-ca0436288a71
TCGA-44-A47G	d604672a-2000-4dfc-b417-94503c57c951	1	1e64f630-3282-4586-b015-e381417ed606.mirbase21.mirnas.quantification.txt	3d6b08e1-16cb-43bb-8d63-b0e37e8165d5
TCGA-86-8278	d6c3df36-8c56-4b58-98f8-393ed13209fc	1	03ec76a9-07ab-428e-bb1c-f3f5640ff454.mirbase21.mirnas.quantification.txt	78355bd5-ffbc-4422-8a54-8308923ccab3
TCGA-55-A490	d727b714-6715-4723-864d-bc621a23219d	1	98328d74-04f8-431c-8c0c-73f537790c90.mirbase21.mirnas.quantification.txt	ae2fcefb-ff03-4452-a6dc-23c30a22754e
TCGA-55-A492	d7e00e4f-e678-4a11-a083-7ea75961ed45	1	71f27603-0099-4509-b40f-a966c5a2098c.mirbase21.mirnas.quantification.txt	09001604-31f5-4a74-bd41-4a5b8c7004b2
TCGA-64-5815	d819eea3-786b-4029-9cb8-3c28a5b2780c	1	0cb5581b-d4cf-41f9-8c0c-ca1a9a70952e.mirbase21.mirnas.quantification.txt	fbe8aac1-b0c9-4ad0-94a6-e2261c7ba0ee
TCGA-05-4396	d81e44c8-95a4-45a8-b68d-6e375020ba01	1	a7a25077-94b2-447a-95b8-f2b097091d56.mirbase21.mirnas.quantification.txt	feec3c16-b82b-4ae6-9157-6d9e6fbe73b0
TCGA-NJ-A4YP	d8bc10b1-f156-4fbb-ba3f-65bb95fc6277	1	104617c9-e4be-4742-960f-573220b7962c.mirbase21.mirnas.quantification.txt	c0f6d009-0936-4dda-ac21-2d38a2d9198f
TCGA-64-5774	d93751f0-93e6-4832-bea3-25375148dd48	1	005a23d5-af82-47a9-9085-9c32ea8f0f36.mirbase21.mirnas.quantification.txt	0cf0cc1a-ffae-49c4-bea7-220284e94cb5
TCGA-05-4397	d94833ee-dce5-4e3e-a61c-1496033a91fc	1	390bcfcc-b420-4020-b1dc-1a1073c25782.mirbase21.mirnas.quantification.txt	0ca17b62-5bf0-4ae1-84b9-e5d845380d62
TCGA-50-5933	d9b960cf-468d-4885-a7a0-e390717a68d9	2	36899d7a-8e6b-4907-9b11-5380bc35c470.mirbase21.mirnas.quantification.txt	84a6bbb7-6b77-4c20-b52a-f977c0edd88d
TCGA-44-3919	da88fab2-c317-4371-8aad-d90ae161a4ee	1	b743c961-bbe1-4387-8fae-7119ef83491c.mirbase21.mirnas.quantification.txt	0a59e31d-5e82-4078-959c-cfe6d773d4c4
TCGA-44-2668	db555419-c5b1-4ce7-8976-3230a2a7a3f4	2	dfc2507b-2fab-4a95-8a7f-7b1115d877ef.mirbase21.mirnas.quantification.txt	213dce69-e10f-4ad2-b933-d1ef06c683b5
TCGA-J2-8192	dbbd28f1-5e60-4735-9b90-0bdc25c96387	1	4670bb8f-ac73-4d31-bf24-81188460c2af.mirbase21.mirnas.quantification.txt	0b94136c-d1f2-4a92-90ad-18c02eec2736
TCGA-95-A4VN	dbec34c4-03d2-49a9-a39e-afd006bd2bcb	1	f86235e2-c0d0-42c5-a52b-f027a29333e3.mirbase21.mirnas.quantification.txt	26904478-1ca8-4d84-98fe-b4241b74ccd4
TCGA-55-A48Y	dbffc3f2-58ed-4d24-b07e-b2796059c980	1	9a9889e1-c303-4bf3-9254-77d34dbe5c90.mirbase21.mirnas.quantification.txt	d99b9058-f66c-4b2f-bdb5-494cd2a5879a
TCGA-55-7570	dce4a1a9-e77e-4a13-834b-549c99766ee4	2	17c71a02-8c5c-46c9-a083-cbcf1f6fe55a.mirbase21.mirnas.quantification.txt	ddc80823-15eb-4376-acd2-8a65adfbc82f
TCGA-MP-A4TH	dd13dbc6-a2c2-48c6-9f65-4ecc0bc09c50	1	11bcc2fd-363e-4e66-9478-79d22955719e.mirbase21.mirnas.quantification.txt	d14f4798-549b-49a4-8efb-719b47295250
TCGA-78-8655	de2683a2-c31e-4888-a03d-1701ee84e008	1	ef01154b-2fb7-4e97-8ecb-ceb1c93502bd.mirbase21.mirnas.quantification.txt	fec81cd0-f828-47bf-853b-83ca88e2d845
TCGA-50-6592	de39d688-aac5-400c-8c51-c64830d8623a	1	d5b0f557-c8c7-497d-88f0-8099fdea30f1.mirbase21.mirnas.quantification.txt	dc0f20a0-b439-410e-b661-bdf65e3c17db
TCGA-50-6591	deb5f948-dcff-414b-be1e-cd5f35bfb585	1	4033c3c6-e7bf-4853-b59c-a2cee542518a.mirbase21.mirnas.quantification.txt	f57d0487-1ca4-4a5b-85f8-4a2daab40b77
TCGA-44-5644	dfa20fd8-d698-45bb-b98e-b4e5bd25445c	1	5f0938d7-0a81-4276-85c5-4b1bce17d31a.mirbase21.mirnas.quantification.txt	f47bf0f1-3713-4fbc-82f9-61cab584d0ab
TCGA-38-4631	dfb84e40-76f3-43bd-bff7-fc9362d62880	1	12fbd340-16a3-4163-99b3-8e7cc184984b.mirbase21.mirnas.quantification.txt	a60082c4-f5ef-4960-8a12-1ff0c1162715
TCGA-49-4490	e06229fb-1a32-4636-b191-837797540806	1	63edc36c-55ac-4081-a307-11ba625c854c.mirbase21.mirnas.quantification.txt	ceb94f3a-d92e-44dd-a395-480f66894ca8
TCGA-44-4112	e07b84a7-c8b0-4009-a3d3-23d7fab03677	1	da163643-5142-4b0f-8c81-0c556a2f9e77.mirbase21.mirnas.quantification.txt	af0369dc-b50f-48f7-8973-ad86b8ae020f
TCGA-64-1678	e0a5b14b-1137-4457-a38d-5538d4e178a2	1	689bafc1-252d-4d28-b6a2-6141b032ef7b.mirbase21.mirnas.quantification.txt	6bfefe4a-53ad-41b4-bfca-747e5c6eb133
TCGA-53-7813	e0afa2f9-4cb2-4689-bee6-d1b85981540a	1	61a3b19b-fae2-434c-b3e7-5524a95bec0f.mirbase21.mirnas.quantification.txt	eeca8118-19ca-4ece-b75b-2664f43639b0
TCGA-69-8254	e14966ae-c3c6-4875-b35f-504633dcd92c	1	e5b63f9c-341d-4f45-ab11-426aa7b1ca36.mirbase21.mirnas.quantification.txt	916f2381-e70e-42ac-bb07-d506d7db8f0e
TCGA-55-7910	e1953b6d-26ef-4f29-8da4-ddd17f6bc855	2	eb5c4332-cf82-4e1d-b609-9644b81efcc4.mirbase21.mirnas.quantification.txt	563b1f34-57e1-4484-ac21-2a6ab29bccd1
TCGA-44-6776	e22a649f-96d1-4f59-b0c8-1cd342cfee22	2	6abf035b-c4b7-4f11-b75d-73ca19dea554.mirbase21.mirnas.quantification.txt	7ec63555-9145-4a0d-84b9-545410c4b285
TCGA-O1-A52J	e2a4dae6-0714-404a-86a5-0da131a1b2c9	1	1259658a-952b-494d-a9de-81fbf6908e8d.mirbase21.mirnas.quantification.txt	58647a88-01b1-4f45-b805-4c648de93764
TCGA-91-7771	e518befa-bfb3-4e14-bcaf-b34100140eb5	1	7036fa73-ee49-4d70-9e30-a4eab8c1c08b.mirbase21.mirnas.quantification.txt	824744e2-be27-4ea9-994e-8e53083033d0
TCGA-69-7978	e5624229-6a5b-40cf-8f94-eb3b3f3c4d60	1	a0cdb8dc-1fb6-4096-85aa-5506f8ce2112.mirbase21.mirnas.quantification.txt	07e8be74-990f-4a61-96f4-1794987f85b3
TCGA-91-6847	e56f6e88-dfd5-4074-9235-7a9a843fe7ae	1	5012b013-c3cc-42f7-9765-57564d080e77.mirbase21.mirnas.quantification.txt	b08988d1-034f-4ffa-a4c9-48909e0203f3
TCGA-44-6146	e5ac41ab-4977-4114-a8e7-c93499a7fa1b	3	be1adfd1-db23-411d-97cf-2f4e03cfac9e.mirbase21.mirnas.quantification.txt	65bcc591-4a45-442c-a2c3-16e0d034a512
TCGA-49-AAQV	e5f8bd35-4299-4d56-89d2-b9dc8ff21dda	1	4ddda5d8-fa2d-430d-9929-c704d86789a1.mirbase21.mirnas.quantification.txt	4016c7b2-c50f-4578-beb6-6c2d535b7d85
TCGA-05-4425	e62f53bc-7f04-4178-8839-e0faec143539	1	3efaf7a3-ffcb-42d1-bd80-ebb7cf87b2a5.mirbase21.mirnas.quantification.txt	c298ebea-5856-4622-bcdf-45c149d37a0b
TCGA-05-4422	e7d2d644-7bdb-4826-8720-933eab8ddccc	1	9904d78b-b68f-4551-8d27-bc9f12936dda.mirbase21.mirnas.quantification.txt	e8d5757d-1abc-4973-b74f-11b55828f160
TCGA-93-8067	e82f59eb-6e06-48ff-b8ad-bd5ced7e2d29	1	d7470b04-842a-472e-961f-6db63aeef316.mirbase21.mirnas.quantification.txt	a16af83d-f13d-4afc-ba9d-aabd206f577d
TCGA-05-4424	e8c06e17-fe52-4bc0-b307-b096d27a1de8	1	742c8ec3-1e04-4294-9d55-08778ad7c900.mirbase21.mirnas.quantification.txt	19a75478-e559-436e-830e-54f88c9ab305
TCGA-05-4433	ea158eb6-3b33-4047-a20e-886e1b6800b5	1	66fcaec7-a58a-413b-8b44-4fc1e4cf16f6.mirbase21.mirnas.quantification.txt	3cf25ef2-3040-4605-b131-6aa85773d325
TCGA-55-7726	ea29ada8-92b7-4c2c-a413-60581983c007	2	0a5aa815-9305-4ed3-a0fb-7b6dc6fc503d.mirbase21.mirnas.quantification.txt	54aed217-98a4-46e1-8f62-5969a8519d9d
TCGA-55-6712	ea4c59e3-a310-4cc6-a5a6-1505dbda31a4	1	8db9ff9b-e55b-43f5-94c5-acb9741fc575.mirbase21.mirnas.quantification.txt	951e488e-74f4-4314-8a5e-6f0ce933f47d
TCGA-05-4389	ea6da1fd-f514-4f5d-919f-4189e65c1986	1	86a8048e-0a27-4df7-85a8-fb7af2664f29.mirbase21.mirnas.quantification.txt	cb0ac794-51fe-472b-95bb-a96fe3af550f
TCGA-97-8179	ec4757ab-c8c3-40cf-a71b-a8b0c09fb60e	1	b6d9bf2d-15f1-497b-b6cc-427afe7fe6a4.mirbase21.mirnas.quantification.txt	1cae0030-9ffe-4504-91bd-6c18437eda85
TCGA-97-A4M0	ec56f8ad-b44e-4d5b-9479-6f03f26ae866	1	1e325420-2b6f-45cc-bd6d-7748ff21e19f.mirbase21.mirnas.quantification.txt	71790e2a-383e-479d-ae9d-a70cd9dc7623
TCGA-55-A491	ecab6315-9c6f-4760-a45b-235779b20b4e	1	53b77a93-36d8-42e9-a0f3-c0f95ad2f172.mirbase21.mirnas.quantification.txt	c62dda0c-f5e5-473e-89ae-7e85f17d1027
TCGA-67-6217	ecd5664e-5c82-4db5-b4c5-7a4e72f89395	1	8055772d-4175-4ce8-a804-cd9da12c3f0f.mirbase21.mirnas.quantification.txt	7992526b-9111-43ae-9da1-f650cd58a694
TCGA-55-6982	ecd9091a-4d46-4a74-ada2-24c4b2e64526	1	f7ef1918-8289-47e1-910a-a36457c44767.mirbase21.mirnas.quantification.txt	819b29ba-97fc-460d-b63e-0f77f0ccaad1
TCGA-86-8073	ed5a1313-f3cb-4045-9234-af28212eba94	1	bfc51e34-dcbd-493d-9409-e18fccec6ed4.mirbase21.mirnas.quantification.txt	57bd0f1d-7eb2-4b07-acd7-9c8f618dc760
TCGA-97-8174	ee39012a-949e-456a-9d58-c967e97c7d9a	1	5eb9bb4c-34a8-43b9-9540-edf67a730cf0.mirbase21.mirnas.quantification.txt	ad3e83a8-82a0-4e25-87cf-56268c9bf65c
TCGA-50-8457	eedd51b0-54fe-4059-8586-b26777043d42	1	f8195d0b-2499-4d6a-a1f0-17b0897726dc.mirbase21.mirnas.quantification.txt	9c84cfba-f8a3-4798-84ea-399217924f8d
TCGA-55-8087	eeee66cc-0d44-4ea0-af5d-46819547f78a	1	83cec9cb-40e0-4f4a-94b5-43b8f60763a9.mirbase21.mirnas.quantification.txt	8aba3285-db6e-4820-a178-c6540a902b10
TCGA-86-8359	ef149f2f-9f49-4f3d-a5fc-00bcea19b3c2	1	aac267a8-e7b1-4afa-ad85-6c6f7ac448cd.mirbase21.mirnas.quantification.txt	aad371ec-48ad-47af-a86a-e089090edff7
TCGA-86-A4JF	ef5e6be8-abb1-4048-a9f7-b71a8313c02c	1	d08ddae8-90b8-4172-838d-87948300414a.mirbase21.mirnas.quantification.txt	53e23e4c-3075-4e66-9e9e-649dd3a3e2bb
TCGA-86-6851	efd04a70-1fd2-4262-a878-6a82a432650f	1	199e8fcc-0aab-499e-b107-f01d8e3dbd77.mirbase21.mirnas.quantification.txt	3a00f754-e78d-4bea-866c-b11706a731d0
TCGA-49-4505	f02f8a28-5d6c-4867-be8b-a41124249ffe	1	be429e5d-7de9-43f5-bed1-dfacbba548a3.mirbase21.mirnas.quantification.txt	d4f02e17-3291-4229-bba0-26cca56985fd
TCGA-NJ-A4YQ	f039d105-3dfe-4555-b54f-6287a51f3d25	1	c439ea64-6739-46d3-a6f0-e8569cf7e576.mirbase21.mirnas.quantification.txt	cf74659b-9735-4ac5-b93a-683a874fdab6
TCGA-86-8055	f0a6a65a-9ee6-4df5-9f02-d1120b1efd9e	1	4885aa0a-e3b0-4ecd-a57b-ca2bc9ad2453.mirbase21.mirnas.quantification.txt	8636239b-1500-468b-bab3-36f6571c29f9
TCGA-44-6778	f15fbbf3-c67e-4e93-8ca9-c26a77a2e3fe	2	83c90ddf-86be-4aa3-ae73-eac2bcac7994.mirbase21.mirnas.quantification.txt	8107e921-87b2-44a7-94ae-2e3dc43acebb
TCGA-50-5936	f1e069a3-1c8e-4293-ae70-acfe52f64c5d	1	f1902c48-d4a2-4432-b629-26c90f75ea16.mirbase21.mirnas.quantification.txt	109e561d-d4e9-4b10-8a19-66d4662ccb28
TCGA-64-1676	f229c886-9553-4322-928a-4196c211b7db	1	5ed1e5e7-e783-4c3f-ade5-8886a58982a8.mirbase21.mirnas.quantification.txt	bb94bd91-bea7-4731-8fb8-f9dc1b954303
TCGA-44-A47A	f35e9411-bd35-40ae-97cc-8f4eff0d036b	1	6c1f16dd-1895-4519-8106-13b4ea57960c.mirbase21.mirnas.quantification.txt	9ccf5d2a-59d8-4620-adf2-2669c12f7d1b
TCGA-75-5125	f3d97922-d0f7-49aa-bf66-9a4cd8a0da85	1	5dc66e41-5d46-4dce-9d43-0f2d9d4a668e.mirbase21.mirnas.quantification.txt	cc7f10c3-309b-402e-955d-872cc41e10cb
TCGA-78-7156	f42d3690-7246-438b-b030-85f6624da114	1	6d4e727f-5da6-4901-9ee0-0c5e066db04b.mirbase21.mirnas.quantification.txt	2788369b-e3d9-43e5-bd12-67e4de0f43b0
TCGA-NJ-A55A	f431f5a2-6420-4293-91b7-4284fb67f087	1	0ed6678a-b2ac-4f09-a2fc-88524a8256ab.mirbase21.mirnas.quantification.txt	dc63801a-eca1-43fb-aab9-7b5e82aafd5f
TCGA-78-7159	f454b333-e1bc-4934-b519-14015a9c2816	1	e771b3de-9158-4319-9359-244031ad83e0.mirbase21.mirnas.quantification.txt	0b9f9e08-6a11-40b9-bd96-a30abc7ba039
TCGA-91-6831	f4f8a40c-ba39-4318-9c7a-b50bea64d98a	1	7887145f-dcab-4c1d-abe3-e85bffd5321d.mirbase21.mirnas.quantification.txt	e6d0337c-24ed-47fe-a6eb-c85f9d9d95a5
TCGA-55-6986	f5cbece4-ef6e-4c40-a7bf-a82b4ca2d026	1	c16ca942-f7a5-4bc4-bc08-0a9cf9b77227.mirbase21.mirnas.quantification.txt	cc718608-5cde-4558-a66b-9f86840e9a32
TCGA-97-8176	f69b8a27-b878-4a92-a736-1db1105d7e07	1	4536bec0-9e48-4b4d-a7f7-040969a03b2a.mirbase21.mirnas.quantification.txt	a762b105-70cd-4ea9-a52c-30581a199eb3
TCGA-86-8358	f6bc8cb1-ba90-457b-85a6-4172d705bd50	1	6ba4e857-c4f6-4276-b47b-ded41a3fe1d1.mirbase21.mirnas.quantification.txt	5f0c01a6-3654-443e-bc66-65cb9694c754
TCGA-86-6562	f762282c-c3ba-46ff-acdd-203d5b3fdc64	1	6c2322b7-97ad-4dc4-95ea-3b8813f1312d.mirbase21.mirnas.quantification.txt	e863f06b-d077-468d-a026-b1d25a7607e4
TCGA-67-3770	f781ad0d-2b09-46e1-b71f-79e33e9bdd7c	1	b35e283c-20ac-43c9-a9d2-be4403426af9.mirbase21.mirnas.quantification.txt	f679e94c-be6e-4d56-9814-ed47fb6b6d09
TCGA-44-2666	f83ee62e-a824-4951-9a7a-4f51500f5e56	1	33239bf2-49f3-48d4-a5f4-a17e9c4a1b2d.mirbase21.mirnas.quantification.txt	7bfddefb-67c0-4913-ad6e-2fcafa43575d
TCGA-69-7973	f876894e-36f9-4ff9-ac34-59fc5de8fdeb	1	5cda9cc1-cd73-476b-9051-6bd08cea58aa.mirbase21.mirnas.quantification.txt	60ea65ea-acbf-4f82-90a5-89feab712f32
TCGA-44-5645	f965cf72-ef45-4926-9194-d119ae4e7054	1	23b71f6e-b11f-4536-a550-ea5c81ffe48e.mirbase21.mirnas.quantification.txt	ced191ed-5327-4cfb-aca9-98ae929dabaf
TCGA-78-7633	f99bc960-6cc7-45e8-8912-434caf37eef3	1	a4ec3a9d-1550-4c9d-8c79-3ae4121ed47f.mirbase21.mirnas.quantification.txt	8a176550-3d57-4849-8df8-39aea2562939
TCGA-97-7552	fae04d12-be1b-4604-9d65-ed82521da937	1	d35f5b5c-4c02-4510-a96a-0658aed6505d.mirbase21.mirnas.quantification.txt	73be23d7-ed9e-4fd5-bdcf-4849f57a632b
TCGA-73-4666	faf079d6-c00f-4ca2-9739-3e11c3afd46d	0		
TCGA-44-3398	fb34698a-954b-4f8b-ab71-93818142eb61	2	dc2eb494-e316-4600-95be-19efc91ee2ca.mirbase21.mirnas.quantification.txt	c9d5bf5e-df06-4ccf-8981-16c1261529b3
TCGA-50-6673	fb60dad5-dff1-43b7-8a69-3db0d888d308	1	c1053921-c53d-44e4-8d31-992b1789a7e9.mirbase21.mirnas.quantification.txt	290c7e33-5b4a-47f4-ae9f-607fc1854c24
TCGA-62-A46R	fbafa538-e9ca-4779-945e-da78402d8db3	1	cda1df9a-9db8-47af-8ab1-4c558e9108af.mirbase21.mirnas.quantification.txt	120d2ec6-05a7-4798-aaa4-2e4809fd4473
TCGA-78-7145	fbe2c696-f0fc-4ab2-a8ae-f67b42de606f	1	3ebd7ed7-bf54-46e9-b731-e30dfef89df0.mirbase21.mirnas.quantification.txt	3d5814d9-0cd8-4cdf-996f-2a24d4161210
TCGA-38-4625	fbe4e6f8-22e7-493e-8573-a8c32e9a2c8e	1	49d788ae-36df-4cbb-99f4-db23b95e6759.mirbase21.mirnas.quantification.txt	61314805-41f2-408b-8682-7631363b5b09
TCGA-50-5049	fbf6b068-0b71-473e-99b1-a873516b910c	1	521604b6-47d8-4c18-9a5b-d146258e1647.mirbase21.mirnas.quantification.txt	66015491-0a6b-40eb-ab1b-46e38f7b723a
TCGA-05-4410	fc1d84a0-31db-4e6f-a052-15fd7fcfe86b	1	2bfe1d80-8823-41e3-926b-75a747bb6a60.mirbase21.mirnas.quantification.txt	452643c5-ddb1-467b-bd8e-df29963d2a69
TCGA-55-8204	fc89fed4-129d-4a09-ab35-bb5600a13861	1	d46da6c2-6690-4d1f-bc03-59da9d01bf85.mirbase21.mirnas.quantification.txt	262e9414-6070-488b-8449-75d11083431e
TCGA-97-7546	fe465de4-07b8-4f68-88e6-42601ae582db	1	b5020bc4-3ea3-439f-baf5-b976682caa69.mirbase21.mirnas.quantification.txt	554ed2f7-6f92-4be4-aca9-30ee9f0104cd
TCGA-62-8395	fe767131-0b4e-4304-8cc8-6b9430416519	1	be0a149d-cb32-4117-8b80-a7cc81fa5c6b.mirbase21.mirnas.quantification.txt	7d7716bd-9cb5-4a54-acdb-9c418a8a75ab
TCGA-44-4112	fe80fd79-7a81-4173-909f-6738fce07158	1	da163643-5142-4b0f-8c81-0c556a2f9e77.mirbase21.mirnas.quantification.txt	af0369dc-b50f-48f7-8973-ad86b8ae020f
TCGA-62-A46V	fee42c8f-19b9-46a6-b91e-07866dd65544	1	f267890f-4882-48d2-8bf3-cd164b2aaa0b.mirbase21.mirnas.quantification.txt	47d8fc3e-2bf8-4ef5-9589-b65e57501f1c
TCGA-99-8032	ffc6ab9c-5795-45b6-8bbe-a42d6e5914a3	1	02e669a4-b5fe-4825-8ee9-35e8cb65de4c.mirbase21.mirnas.quantification.txt	902f5062-83fa-4ea0-a971-5cdca206e241
TCGA-86-8281	ffdf38f8-864c-4354-bcb3-83617bbbcff5	1	e3693434-67ad-4e46-ba52-12d675d54a22.mirbase21.mirnas.quantification.txt	8961f808-11ea-4839-a5d4-28ed270907bb
